priority,id,title,category,words,review_reasons,review_status
1,communication:check-back,Check-back — closed-loop communication,communication,168,Clinical reviewer triage: Numerical treatment wording: Example | 3 blocks without attached citation IDs,Not adjudicated
1,diagnosis:trigeminal-neuralgia,Trigeminal neuralgia,diagnosis,273,Clinical reviewer triage: Numerical treatment wording: Common interventions | Source locator review: openrn_dx_round11: search URL (needs a specific supporting source) | Not assigned to a selected topic collection,Not adjudicated
1,diagnosis:rhabdomyolysis,Rhabdomyolysis,diagnosis,395,Clinical reviewer triage: Numerical treatment wording: Common interventions | Source locator review: openrn_dx_round17: search URL (needs a specific supporting source) | Not assigned to a selected topic collection,Not adjudicated
1,diagnosis:hemicrania-continua,Hemicrania continua,diagnosis,409,Clinical reviewer triage: Numerical treatment wording: Common interventions | Source locator review: cdc_dx_round31: site root (needs claim-level source review) | Not assigned to a selected topic collection,Not adjudicated
1,diagnosis:tension-type-headache,Tension-type headache (TTH),diagnosis,412,Clinical reviewer triage: Numerical treatment wording: Common interventions | Source locator review: cdc_dx_round31: site root (needs claim-level source review) | Not assigned to a selected topic collection,Not adjudicated
1,diagnosis:gout,Gout,diagnosis,449,Clinical reviewer triage: Numerical treatment wording: Common interventions | Source locator review: openrn_ms_round3: search URL (needs a specific supporting source) | Not assigned to a selected topic collection,Not adjudicated
1,diagnosis:primary-biliary-cholangitis,Primary biliary cholangitis (PBC),diagnosis,501,Clinical reviewer triage: Numerical treatment wording: Common interventions | Not assigned to a selected topic collection,Not adjudicated
1,diagnosis:primary-aldosteronism,Primary aldosteronism (Conn syndrome),diagnosis,620,Clinical reviewer triage: Numerical treatment wording: Common interventions | Not assigned to a selected topic collection,Not adjudicated
1,diagnosis:prolactinoma,Prolactinoma,diagnosis,646,Clinical reviewer triage: Numerical treatment wording: Common interventions | Not assigned to a selected topic collection,Not adjudicated
1,diagnosis:painful-diabetic-neuropathy,Painful diabetic peripheral neuropathy (DPN),diagnosis,661,Clinical reviewer triage: Numerical treatment wording: Common interventions | Source locator review: cdc_dx_round31: site root (needs claim-level source review) | Not assigned to a selected topic collection,Not adjudicated
1,diagnosis:pediatric-gastroenteritis,Pediatric viral gastroenteritis,diagnosis,862,Clinical reviewer triage: Numerical treatment wording: Common interventions | Source locator review: cdc_peds_r38b: site root (needs claim-level source review); specialty_peds_r38b: site root (needs claim-level source review) | Not assigned to a selected topic collection,Not adjudicated
1,drip:phenylephrine-drip,Phenylephrine drip,drip,159,"Clinical reviewer triage: High-alert medication | 4 blocks without attached citation IDs | Check absent sections: Contraindications, Patient teaching | Not assigned to a selected topic collection",Not adjudicated
1,drip:vasopressin-drip,Vasopressin drip,drip,173,"Clinical reviewer triage: High-alert medication | 4 blocks without attached citation IDs | Check absent sections: Contraindications, Patient teaching",Not adjudicated
1,drip:epinephrine-drip,Epinephrine drip,drip,196,"Clinical reviewer triage: High-alert medication | 5 blocks without attached citation IDs | Check absent sections: Contraindications, Patient teaching | Not assigned to a selected topic collection",Not adjudicated
1,drip:propofol-drip,Propofol drip,drip,257,Clinical reviewer triage: High-alert medication; Numerical treatment wording: Dosing | 5 blocks without attached citation IDs | Check absent sections: Patient teaching,Not adjudicated
1,drip:insulin-drip,Insulin drip,drip,261,Clinical reviewer triage: High-alert medication | 4 blocks without attached citation IDs | Check absent sections: Patient teaching,Not adjudicated
1,drip:heparin-drip,Heparin drip,drip,276,Clinical reviewer triage: High-alert medication | 5 blocks without attached citation IDs,Not adjudicated
1,drip:norepinephrine-drip,Norepinephrine drip,drip,283,"Clinical reviewer triage: High-alert medication | 6 blocks without attached citation IDs | Check absent sections: Contraindications, Patient teaching",Not adjudicated
1,drip:dobutamine-drip,Dobutamine drip,drip,288,Clinical reviewer triage: High-alert medication | Source locator review: openrn_pharm_drips: search URL (needs a specific supporting source) | 4 blocks without attached citation IDs,Not adjudicated
1,drip:ketamine-drip,Ketamine (continuous infusion),drip,291,Clinical reviewer triage: High-alert medication | Source locator review: openrn_pharm_drips2: search URL (needs a specific supporting source) | 4 blocks without attached citation IDs | Not assigned to a selected topic collection,Not adjudicated
1,drip:esmolol-drip,Esmolol (continuous infusion),drip,302,Clinical reviewer triage: High-alert medication; Numerical treatment wording: Dosing | Source locator review: openrn_pharm_drips2: search URL (needs a specific supporting source) | 4 blocks without attached citation IDs | Not assigned to a selected topic collection,Not adjudicated
1,drip:fentanyl-drip,Fentanyl (continuous infusion),drip,317,Clinical reviewer triage: High-alert medication | Source locator review: openrn_pharm_drips2: search URL (needs a specific supporting source) | 4 blocks without attached citation IDs,Not adjudicated
1,drip:nicardipine-drip,Nicardipine drip,drip,324,Clinical reviewer triage: High-alert medication | Source locator review: openrn_pharm_drips: search URL (needs a specific supporting source) | 4 blocks without attached citation IDs | Not assigned to a selected topic collection,Not adjudicated
1,drip:cisatracurium-drip,Cisatracurium (continuous infusion),drip,347,Clinical reviewer triage: High-alert medication | Source locator review: openrn_pharm_drips2: search URL (needs a specific supporting source) | 4 blocks without attached citation IDs | Not assigned to a selected topic collection,Not adjudicated
1,drip:nitroprusside-drip,Nitroprusside drip,drip,363,Clinical reviewer triage: High-alert medication | Source locator review: openrn_pharm_drips: search URL (needs a specific supporting source) | 4 blocks without attached citation IDs | Not assigned to a selected topic collection,Not adjudicated
1,drip:milrinone-drip,Milrinone (continuous infusion),drip,367,Clinical reviewer triage: High-alert medication | 4 blocks without attached citation IDs | Not assigned to a selected topic collection,Not adjudicated
1,drip:dopamine-drip,Dopamine drip,drip,387,Clinical reviewer triage: High-alert medication | Source locator review: openrn_pharm_drips: search URL (needs a specific supporting source) | 4 blocks without attached citation IDs | Not assigned to a selected topic collection,Not adjudicated
1,drip:bivalirudin-drip,Bivalirudin (continuous infusion),drip,388,Clinical reviewer triage: High-alert medication | 4 blocks without attached citation IDs | Not assigned to a selected topic collection,Not adjudicated
1,drip:isoproterenol-drip,Isoproterenol (continuous infusion),drip,397,Clinical reviewer triage: High-alert medication | 4 blocks without attached citation IDs | Not assigned to a selected topic collection,Not adjudicated
1,drip:dexmedetomidine-drip,Dexmedetomidine (continuous infusion),drip,400,Clinical reviewer triage: High-alert medication | 4 blocks without attached citation IDs,Not adjudicated
1,drip:midazolam-drip,Midazolam (continuous infusion),drip,406,Clinical reviewer triage: High-alert medication | 4 blocks without attached citation IDs,Not adjudicated
1,drip:nitroglycerin-drip,Nitroglycerin drip,drip,408,Clinical reviewer triage: High-alert medication; Numerical treatment wording: Dosing | Source locator review: openrn_pharm_drips: search URL (needs a specific supporting source) | 4 blocks without attached citation IDs,Not adjudicated
1,drip:argatroban-drip,Argatroban (continuous infusion),drip,416,Clinical reviewer triage: High-alert medication | 5 blocks without attached citation IDs | Not assigned to a selected topic collection,Not adjudicated
1,drip:lidocaine-drip,Lidocaine (continuous infusion),drip,416,Clinical reviewer triage: High-alert medication | 4 blocks without attached citation IDs | Not assigned to a selected topic collection,Not adjudicated
1,drip:magnesium-sulfate-drip,Magnesium sulfate (continuous infusion),drip,443,Clinical reviewer triage: High-alert medication | 4 blocks without attached citation IDs | Not assigned to a selected topic collection,Not adjudicated
1,drip:hypertonic-saline-drip,Hypertonic saline 3% (infusion),drip,482,Clinical reviewer triage: High-alert medication | 4 blocks without attached citation IDs | Not assigned to a selected topic collection,Not adjudicated
1,drip:amiodarone-drip,Amiodarone drip,drip,484,Clinical reviewer triage: High-alert medication | Source locator review: openrn_pharm_drips: search URL (needs a specific supporting source) | 4 blocks without attached citation IDs,Not adjudicated
1,drug:tobramycin,Tobramycin,drug,202,Clinical reviewer triage: High-risk medication | Source locator review: openrn_pharm_round6: search URL (needs a specific supporting source) | 4 blocks without attached citation IDs | Not assigned to a selected topic collection,Not adjudicated
1,drug:memantine,Memantine,drug,205,Clinical reviewer triage: Numerical treatment wording: Dosing | Source locator review: openrn_pharm_round11: search URL (needs a specific supporting source) | 4 blocks without attached citation IDs | Not assigned to a selected topic collection,Not adjudicated
1,drug:hydromorphone,Hydromorphone,drug,212,Clinical reviewer triage: High-alert medication | 5 blocks without attached citation IDs | Not assigned to a selected topic collection,Not adjudicated
1,drug:ranolazine,Ranolazine,drug,238,Clinical reviewer triage: Numerical treatment wording: Dosing | 4 blocks without attached citation IDs | Not assigned to a selected topic collection,Not adjudicated
1,drug:romiplostim,Romiplostim,drug,241,Clinical reviewer triage: Numerical treatment wording: Dosing | Source locator review: openrn_pharm_round18: search URL (needs a specific supporting source) | 4 blocks without attached citation IDs | Not assigned to a selected topic collection,Not adjudicated
1,drug:glucagon-bb-toxicity,"Glucagon (high-dose, β-blocker / CCB toxicity)",drug,246,Clinical reviewer triage: High-risk medication | Source locator review: openrn_pharm_round16: search URL (needs a specific supporting source) | 4 blocks without attached citation IDs | Not assigned to a selected topic collection,Not adjudicated
1,drug:calcitriol,Calcitriol,drug,248,Clinical reviewer triage: Numerical treatment wording: Dosing | Source locator review: openrn_pharm_round13: search URL (needs a specific supporting source) | 4 blocks without attached citation IDs | Not assigned to a selected topic collection,Not adjudicated
1,drug:risperidone,Risperidone,drug,255,Clinical reviewer triage: Numerical treatment wording: Dosing | Source locator review: openrn_mh_round5: search URL (needs a specific supporting source); openrn_pharm_round5: search URL (needs a specific supporting source) | 4 blocks without attached citation IDs | Not assigned to a selected topic collection,Not adjudicated
1,drug:buspirone,Buspirone,drug,260,Clinical reviewer triage: Numerical treatment wording: Dosing | Source locator review: openrn_mh_round5: search URL (needs a specific supporting source); openrn_pharm_round5: search URL (needs a specific supporting source) | 4 blocks without attached citation IDs | Not assigned to a selected topic collection,Not adjudicated
1,drug:eplerenone,Eplerenone,drug,260,Clinical reviewer triage: Numerical treatment wording: Dosing | 4 blocks without attached citation IDs | Not assigned to a selected topic collection,Not adjudicated
1,drug:alprostadil,"Alprostadil (PGE1, IV)",drug,262,Clinical reviewer triage: High-risk medication | Source locator review: openrn_pharm_round9: search URL (needs a specific supporting source) | 4 blocks without attached citation IDs | Not assigned to a selected topic collection,Not adjudicated
1,drug:surfactant,Surfactant (poractant alfa / beractant),drug,269,Clinical reviewer triage: High-risk medication | Source locator review: openrn_pharm_round9: search URL (needs a specific supporting source) | 4 blocks without attached citation IDs | Not assigned to a selected topic collection,Not adjudicated
1,drug:enoxaparin,Enoxaparin,drug,276,Clinical reviewer triage: High-alert medication | 4 blocks without attached citation IDs | Not assigned to a selected topic collection,Not adjudicated
1,drug:mirtazapine,Mirtazapine,drug,276,Clinical reviewer triage: Numerical treatment wording: Dosing | Source locator review: openrn_pharm_hv: search URL (needs a specific supporting source) | 4 blocks without attached citation IDs | Not assigned to a selected topic collection,Not adjudicated
1,drug:glucarpidase,Glucarpidase,drug,281,Clinical reviewer triage: High-risk medication | Source locator review: openrn_pharm_round15: search URL (needs a specific supporting source) | 4 blocks without attached citation IDs | Not assigned to a selected topic collection,Not adjudicated
1,drug:cinacalcet,Cinacalcet,drug,283,Clinical reviewer triage: Numerical treatment wording: Dosing | Source locator review: openrn_pharm_round13: search URL (needs a specific supporting source) | 4 blocks without attached citation IDs | Not assigned to a selected topic collection,Not adjudicated
1,drug:esmolol,Esmolol,drug,283,Clinical reviewer triage: High-alert medication; Numerical treatment wording: Dosing | Source locator review: openrn_pharm_round17: search URL (needs a specific supporting source) | 4 blocks without attached citation IDs | Not assigned to a selected topic collection,Not adjudicated
1,drug:venlafaxine,Venlafaxine,drug,290,Clinical reviewer triage: Numerical treatment wording: Dosing | Source locator review: openrn_pharm_hv: search URL (needs a specific supporting source) | 4 blocks without attached citation IDs | Not assigned to a selected topic collection,Not adjudicated
1,drug:gentamicin,Gentamicin,drug,291,Clinical reviewer triage: High-risk medication | Source locator review: openrn_pharm_round6: search URL (needs a specific supporting source) | 4 blocks without attached citation IDs | Not assigned to a selected topic collection,Not adjudicated
1,drug:insulin-lispro,Insulin Lispro,drug,291,Clinical reviewer triage: High-alert medication | 5 blocks without attached citation IDs | Not assigned to a selected topic collection,Not adjudicated
1,drug:physostigmine,Physostigmine,drug,293,Clinical reviewer triage: High-risk medication | Source locator review: openrn_pharm_round16: search URL (needs a specific supporting source) | 4 blocks without attached citation IDs | Not assigned to a selected topic collection,Not adjudicated
1,drug:amphotericin-b,Amphotericin B (liposomal / deoxycholate),drug,294,Clinical reviewer triage: High-alert medication | Source locator review: openrn_pharm_round6: search URL (needs a specific supporting source) | 4 blocks without attached citation IDs | Not assigned to a selected topic collection,Not adjudicated
1,drug:paclitaxel,Paclitaxel,drug,294,Clinical reviewer triage: High-alert medication | Source locator review: openrn_pharm_round12: search URL (needs a specific supporting source) | 4 blocks without attached citation IDs | Not assigned to a selected topic collection,Not adjudicated
1,drug:dabigatran,Dabigatran,drug,295,Clinical reviewer triage: High-alert medication | 4 blocks without attached citation IDs | Not assigned to a selected topic collection,Not adjudicated
1,drug:sugammadex,Sugammadex,drug,299,Clinical reviewer triage: High-risk medication | Source locator review: openrn_pharm_round17: search URL (needs a specific supporting source) | 4 blocks without attached citation IDs | Not assigned to a selected topic collection,Not adjudicated
1,drug:finerenone,Finerenone,drug,300,Clinical reviewer triage: Numerical treatment wording: Dosing | Source locator review: openrn_pharm_round13: search URL (needs a specific supporting source) | 3 blocks without attached citation IDs | Not assigned to a selected topic collection,Not adjudicated
1,drug:carbamazepine,Carbamazepine,drug,301,Clinical reviewer triage: Numerical treatment wording: Dosing | Source locator review: openrn_mh_round5: search URL (needs a specific supporting source); openrn_pharm_round5: search URL (needs a specific supporting source) | 4 blocks without attached citation IDs | Not assigned to a selected topic collection,Not adjudicated
1,drug:neostigmine,Neostigmine,drug,301,Clinical reviewer triage: High-risk medication | Source locator review: openrn_pharm_round17: search URL (needs a specific supporting source) | 4 blocks without attached citation IDs | Not assigned to a selected topic collection,Not adjudicated
1,drug:pralidoxime,Pralidoxime (2-PAM),drug,301,Clinical reviewer triage: High-risk medication | Source locator review: openrn_pharm_round10: search URL (needs a specific supporting source) | 4 blocks without attached citation IDs | Not assigned to a selected topic collection,Not adjudicated
1,drug:diltiazem-po,Diltiazem (oral),drug,302,Clinical reviewer triage: Numerical treatment wording: Dosing | Source locator review: openrn_pharm_round3b: search URL (needs a specific supporting source) | 4 blocks without attached citation IDs | Not assigned to a selected topic collection,Not adjudicated
1,drug:methimazole,Methimazole,drug,302,Clinical reviewer triage: Numerical treatment wording: Dosing | Source locator review: openrn_pharm_round13: search URL (needs a specific supporting source) | 4 blocks without attached citation IDs | Not assigned to a selected topic collection,Not adjudicated
1,drug:rivaroxaban,Rivaroxaban,drug,302,Clinical reviewer triage: High-alert medication | Source locator review: openrn_pharm_doac: search URL (needs a specific supporting source) | 4 blocks without attached citation IDs | Not assigned to a selected topic collection,Not adjudicated
1,drug:pirfenidone,Pirfenidone,drug,303,Clinical reviewer triage: Numerical treatment wording: Dosing | Source locator review: openrn_pharm_round13: search URL (needs a specific supporting source) | 4 blocks without attached citation IDs | Not assigned to a selected topic collection,Not adjudicated
1,drug:imatinib,Imatinib,drug,305,Clinical reviewer triage: Numerical treatment wording: Dosing | Source locator review: openrn_pharm_round12: search URL (needs a specific supporting source) | 4 blocks without attached citation IDs | Not assigned to a selected topic collection,Not adjudicated
1,drug:lactulose,Lactulose,drug,306,Clinical reviewer triage: Numerical treatment wording: Dosing | 4 blocks without attached citation IDs | Not assigned to a selected topic collection,Not adjudicated
1,drug:brexpiprazole,Brexpiprazole,drug,307,Clinical reviewer triage: Numerical treatment wording: Dosing | Source locator review: openrn_pharm_round14: search URL (needs a specific supporting source) | 4 blocks without attached citation IDs | Not assigned to a selected topic collection,Not adjudicated
1,drug:quetiapine,Quetiapine,drug,307,Clinical reviewer triage: Numerical treatment wording: Dosing | Source locator review: openrn_mental_health: search URL (needs a specific supporting source); openrn_pharm_psych: search URL (needs a specific supporting source) | 4 blocks without attached citation IDs | Not assigned to a selected topic collection,Not adjudicated
1,drug:cisatracurium,Cisatracurium,drug,308,Clinical reviewer triage: High-alert medication | Source locator review: openrn_pharm_round17: search URL (needs a specific supporting source) | 4 blocks without attached citation IDs | Not assigned to a selected topic collection,Not adjudicated
1,drug:dextrose-50,Dextrose 50%,drug,308,Clinical reviewer triage: Numerical treatment wording: Nursing considerations; Numerical treatment wording: Warnings | 4 blocks without attached citation IDs | Not assigned to a selected topic collection,Not adjudicated
1,drug:pregabalin,Pregabalin,drug,309,Clinical reviewer triage: Numerical treatment wording: Dosing | Source locator review: openrn_pharm_round3b: search URL (needs a specific supporting source) | 4 blocks without attached citation IDs | Not assigned to a selected topic collection,Not adjudicated
1,drug:ropinirole,Ropinirole,drug,309,Clinical reviewer triage: Numerical treatment wording: Dosing | Source locator review: openrn_pharm_round18: search URL (needs a specific supporting source) | 4 blocks without attached citation IDs | Not assigned to a selected topic collection,Not adjudicated
1,drug:glipizide,Glipizide,drug,310,Clinical reviewer triage: Numerical treatment wording: Dosing | Source locator review: openrn_pharm_round3b: search URL (needs a specific supporting source) | 4 blocks without attached citation IDs | Not assigned to a selected topic collection,Not adjudicated
1,drug:antithymocyte-globulin,Antithymocyte globulin (ATG),drug,311,Clinical reviewer triage: High-risk medication | Source locator review: openrn_pharm_round7: search URL (needs a specific supporting source) | 4 blocks without attached citation IDs | Not assigned to a selected topic collection,Not adjudicated
1,drug:cyclosporine,Cyclosporine,drug,311,Clinical reviewer triage: High-risk medication | Source locator review: openrn_pharm_round7: search URL (needs a specific supporting source) | 4 blocks without attached citation IDs | Not assigned to a selected topic collection,Not adjudicated
1,drug:ibutilide,Ibutilide,drug,313,Clinical reviewer triage: High-alert medication | Source locator review: openrn_pharm_round11: search URL (needs a specific supporting source) | 4 blocks without attached citation IDs | Not assigned to a selected topic collection,Not adjudicated
1,drug:baclofen,Baclofen,drug,314,Clinical reviewer triage: High-risk medication; Numerical treatment wording: Dosing | Source locator review: openrn_pharm_round15: search URL (needs a specific supporting source) | 4 blocks without attached citation IDs | Not assigned to a selected topic collection,Not adjudicated
1,drug:isoniazid,Isoniazid (INH),drug,315,Clinical reviewer triage: Numerical treatment wording: Nursing considerations; Numerical treatment wording: Quick reference | Source locator review: openrn_pharm_round6: search URL (needs a specific supporting source) | 4 blocks without attached citation IDs | Not assigned to a selected topic collection,Not adjudicated
1,drug:phentolamine,Phentolamine,drug,319,Clinical reviewer triage: High-risk medication | Source locator review: openrn_pharm_round17: search URL (needs a specific supporting source) | 4 blocks without attached citation IDs | Not assigned to a selected topic collection,Not adjudicated
1,drug:sulfasalazine,Sulfasalazine,drug,319,Clinical reviewer triage: Numerical treatment wording: Dosing; Numerical treatment wording: Nursing considerations | Source locator review: openrn_pharm_round8: search URL (needs a specific supporting source) | 4 blocks without attached citation IDs | Not assigned to a selected topic collection,Not adjudicated
1,drug:protamine-sulfate,Protamine Sulfate,drug,321,Clinical reviewer triage: Numerical treatment wording: Nursing considerations | Source locator review: openrn_pharm_reversal: search URL (needs a specific supporting source) | 4 blocks without attached citation IDs | Not assigned to a selected topic collection,Not adjudicated
1,drug:fentanyl,Fentanyl,drug,322,Clinical reviewer triage: High-alert medication | 5 blocks without attached citation IDs | Not assigned to a selected topic collection,Not adjudicated
1,drug:mirabegron,Mirabegron,drug,322,Clinical reviewer triage: Numerical treatment wording: Dosing | Source locator review: openrn_pharm_round19: search URL (needs a specific supporting source) | 4 blocks without attached citation IDs | Not assigned to a selected topic collection,Not adjudicated
1,drug:sotalol,Sotalol,drug,322,Clinical reviewer triage: Numerical treatment wording: Dosing | Source locator review: openrn_pharm_round11: search URL (needs a specific supporting source) | 4 blocks without attached citation IDs | Not assigned to a selected topic collection,Not adjudicated
1,drug:carvedilol,Carvedilol,drug,324,Clinical reviewer triage: Numerical treatment wording: Dosing | 4 blocks without attached citation IDs | Not assigned to a selected topic collection,Not adjudicated
1,drug:flumazenil,Flumazenil,drug,326,Clinical reviewer triage: Numerical treatment wording: Dosing | Source locator review: openrn_pharm_round10: search URL (needs a specific supporting source) | 4 blocks without attached citation IDs | Not assigned to a selected topic collection,Not adjudicated
1,drug:tacrolimus,Tacrolimus,drug,327,Clinical reviewer triage: High-alert medication | 4 blocks without attached citation IDs | Not assigned to a selected topic collection,Not adjudicated
1,drug:cytarabine,Cytarabine (Ara-C),drug,328,Clinical reviewer triage: High-alert medication | Source locator review: openrn_pharm_round18: search URL (needs a specific supporting source) | 4 blocks without attached citation IDs | Not assigned to a selected topic collection,Not adjudicated
1,drug:ketamine,Ketamine,drug,328,Clinical reviewer triage: High-alert medication | Source locator review: openrn_pharm_round17: search URL (needs a specific supporting source) | 4 blocks without attached citation IDs | Not assigned to a selected topic collection,Not adjudicated
1,drug:nitroglycerin,Nitroglycerin,drug,328,Clinical reviewer triage: Numerical treatment wording: Dosing | 4 blocks without attached citation IDs | Not assigned to a selected topic collection,Not adjudicated
1,drug:pioglitazone,Pioglitazone,drug,331,Clinical reviewer triage: Numerical treatment wording: Dosing | Source locator review: openrn_pharm_round17: search URL (needs a specific supporting source) | 4 blocks without attached citation IDs | Not assigned to a selected topic collection,Not adjudicated
1,drug:vitamin-k,Vitamin K (Phytonadione),drug,331,Clinical reviewer triage: Numerical treatment wording: Nursing considerations; Numerical treatment wording: Warnings | Source locator review: openrn_pharm_reversal: search URL (needs a specific supporting source) | 4 blocks without attached citation IDs | Not assigned to a selected topic collection,Not adjudicated
1,drug:rocuronium,Rocuronium,drug,333,Clinical reviewer triage: High-alert medication | Source locator review: openrn_pharmacology_book_2: search URL (needs a specific supporting source) | 4 blocks without attached citation IDs | Not assigned to a selected topic collection,Not adjudicated
1,drug:doxorubicin,Doxorubicin,drug,335,Clinical reviewer triage: High-alert medication | Source locator review: openrn_pharm_round12: search URL (needs a specific supporting source) | 4 blocks without attached citation IDs | Not assigned to a selected topic collection,Not adjudicated
1,drug:sertraline,Sertraline,drug,335,Clinical reviewer triage: Numerical treatment wording: Dosing | Source locator review: openrn_mental_health: search URL (needs a specific supporting source); openrn_pharm_psych: search URL (needs a specific supporting source) | 4 blocks without attached citation IDs | Not assigned to a selected topic collection,Not adjudicated
1,drug:clonazepam,Clonazepam,drug,336,Clinical reviewer triage: High-alert medication | 4 blocks without attached citation IDs | Not assigned to a selected topic collection,Not adjudicated
1,drug:eltrombopag,Eltrombopag,drug,337,Clinical reviewer triage: Numerical treatment wording: Dosing | Source locator review: openrn_pharm_round18: search URL (needs a specific supporting source) | 4 blocks without attached citation IDs | Not assigned to a selected topic collection,Not adjudicated
1,drug:isosorbide-mononitrate,Isosorbide mononitrate,drug,338,Clinical reviewer triage: Numerical treatment wording: Dosing | 4 blocks without attached citation IDs | Not assigned to a selected topic collection,Not adjudicated
1,drug:trazodone,Trazodone,drug,338,Clinical reviewer triage: Numerical treatment wording: Dosing | Source locator review: openrn_pharm_round3b: search URL (needs a specific supporting source) | 4 blocks without attached citation IDs | Not assigned to a selected topic collection,Not adjudicated
1,drug:clomiphene,Clomiphene citrate,drug,339,Clinical reviewer triage: Numerical treatment wording: Dosing | Source locator review: openrn_pharm_round19: search URL (needs a specific supporting source) | 4 blocks without attached citation IDs | Not assigned to a selected topic collection,Not adjudicated
1,drug:insulin-glargine,Insulin Glargine,drug,339,Clinical reviewer triage: High-alert medication | 5 blocks without attached citation IDs | Not assigned to a selected topic collection,Not adjudicated
1,drug:methylphenidate,Methylphenidate,drug,342,Clinical reviewer triage: Numerical treatment wording: Dosing | Source locator review: openrn_mh_round5: search URL (needs a specific supporting source); openrn_pharm_round5: search URL (needs a specific supporting source) | 4 blocks without attached citation IDs | Not assigned to a selected topic collection,Not adjudicated
1,drug:flecainide,Flecainide,drug,343,Clinical reviewer triage: Numerical treatment wording: Dosing | Source locator review: openrn_pharm_round11: search URL (needs a specific supporting source) | 4 blocks without attached citation IDs | Not assigned to a selected topic collection,Not adjudicated
1,drug:propofol,Propofol,drug,343,Clinical reviewer triage: High-alert medication | Source locator review: openrn_pharm_round17: search URL (needs a specific supporting source) | 4 blocks without attached citation IDs | Not assigned to a selected topic collection,Not adjudicated
1,drug:tolvaptan,Tolvaptan,drug,345,Clinical reviewer triage: Numerical treatment wording: Dosing | Source locator review: openrn_pharm_round13: search URL (needs a specific supporting source) | 4 blocks without attached citation IDs | Not assigned to a selected topic collection,Not adjudicated
1,drug:heparin,Heparin,drug,346,Clinical reviewer triage: High-alert medication | 4 blocks without attached citation IDs | Not assigned to a selected topic collection,Not adjudicated
1,drug:apixaban,Apixaban,drug,347,Clinical reviewer triage: High-alert medication | Source locator review: openrn_pharm_doac: search URL (needs a specific supporting source) | 4 blocks without attached citation IDs | Not assigned to a selected topic collection,Not adjudicated
1,drug:hydroxyurea,Hydroxyurea,drug,350,Clinical reviewer triage: Numerical treatment wording: Dosing | Source locator review: openrn_pharm_round9: search URL (needs a specific supporting source) | 4 blocks without attached citation IDs | Not assigned to a selected topic collection,Not adjudicated
1,drug:allopurinol,Allopurinol,drug,351,Clinical reviewer triage: Numerical treatment wording: Dosing | Source locator review: openrn_pharm_round8: search URL (needs a specific supporting source) | 4 blocks without attached citation IDs | Not assigned to a selected topic collection,Not adjudicated
1,drug:tenecteplase,Tenecteplase (TNK),drug,351,Clinical reviewer triage: High-alert medication | Source locator review: openrn_pharm_round17: search URL (needs a specific supporting source) | 4 blocks without attached citation IDs | Not assigned to a selected topic collection,Not adjudicated
1,drug:magnesium-sulfate,Magnesium sulfate,drug,354,Clinical reviewer triage: High-alert medication | Source locator review: openrn_pharmacology_book: search URL (needs a specific supporting source) | 4 blocks without attached citation IDs | Not assigned to a selected topic collection,Not adjudicated
1,drug:dexmedetomidine,Dexmedetomidine,drug,355,Clinical reviewer triage: High-alert medication | Source locator review: openrn_pharmacology_book: search URL (needs a specific supporting source) | 4 blocks without attached citation IDs | Not assigned to a selected topic collection,Not adjudicated
1,drug:oxycodone,Oxycodone,drug,358,Clinical reviewer triage: High-alert medication | Source locator review: openrn_pharm_resp: search URL (needs a specific supporting source) | 4 blocks without attached citation IDs | Not assigned to a selected topic collection,Not adjudicated
1,drug:valproic-acid,Valproic acid / Valproate / Divalproex,drug,358,Clinical reviewer triage: High-alert medication; Numerical treatment wording: Dosing | Source locator review: openrn_mh_round5: search URL (needs a specific supporting source); openrn_pharm_round5: search URL (needs a specific supporting source) | 4 blocks without attached citation IDs | Not assigned to a selected topic collection,Not adjudicated
1,drug:alprazolam,Alprazolam,drug,360,Clinical reviewer triage: High-alert medication | 4 blocks without attached citation IDs | Not assigned to a selected topic collection,Not adjudicated
1,drug:furosemide,Furosemide,drug,361,Clinical reviewer triage: Numerical treatment wording: Nursing considerations | 4 blocks without attached citation IDs | Not assigned to a selected topic collection,Not adjudicated
1,drug:tizanidine,Tizanidine,drug,365,Clinical reviewer triage: Numerical treatment wording: Dosing | 4 blocks without attached citation IDs | Not assigned to a selected topic collection,Not adjudicated
1,drug:tramadol,Tramadol,drug,366,Clinical reviewer triage: High-alert medication; Numerical treatment wording: Dosing | Source locator review: openrn_pharm_resp: search URL (needs a specific supporting source) | 4 blocks without attached citation IDs | Not assigned to a selected topic collection,Not adjudicated
1,drug:hydrocodone-acetaminophen,Hydrocodone-Acetaminophen,drug,367,Clinical reviewer triage: High-alert medication | 4 blocks without attached citation IDs | Not assigned to a selected topic collection,Not adjudicated
1,drug:metoprolol,Metoprolol,drug,371,Clinical reviewer triage: Numerical treatment wording: Dosing | 4 blocks without attached citation IDs | Not assigned to a selected topic collection,Not adjudicated
1,drug:calcium-chloride,Calcium chloride 10%,drug,373,Clinical reviewer triage: High-risk medication | Source locator review: openrn_pharm_round10: search URL (needs a specific supporting source) | 4 blocks without attached citation IDs | Not assigned to a selected topic collection,Not adjudicated
1,drug:rituximab,Rituximab,drug,373,Clinical reviewer triage: High-alert medication | Source locator review: openrn_pharm_round15: search URL (needs a specific supporting source) | 4 blocks without attached citation IDs | Not assigned to a selected topic collection,Not adjudicated
1,drug:selexipag,Selexipag (Uptravi),drug,373,Clinical reviewer triage: Numerical treatment wording: Dosing; Numerical treatment wording: Quick reference | 5 blocks without attached citation IDs | Not assigned to a selected topic collection,Not adjudicated
1,drug:lisdexamfetamine,Lisdexamfetamine,drug,376,Clinical reviewer triage: Numerical treatment wording: Dosing | Source locator review: openrn_pharm_round18: search URL (needs a specific supporting source) | 4 blocks without attached citation IDs | Not assigned to a selected topic collection,Not adjudicated
1,drug:diazepam,Diazepam,drug,377,Clinical reviewer triage: High-alert medication | 4 blocks without attached citation IDs | Not assigned to a selected topic collection,Not adjudicated
1,drug:lithium,Lithium,drug,377,Clinical reviewer triage: High-alert medication | Source locator review: openrn_mental_health: search URL (needs a specific supporting source); openrn_pharm_psych: search URL (needs a specific supporting source) | 5 blocks without attached citation IDs | Not assigned to a selected topic collection,Not adjudicated
1,drug:tocilizumab,Tocilizumab,drug,379,Clinical reviewer triage: Numerical treatment wording: Dosing | Source locator review: openrn_pharm_round8: search URL (needs a specific supporting source) | 4 blocks without attached citation IDs | Not assigned to a selected topic collection,Not adjudicated
1,drug:alendronate,Alendronate,drug,382,Clinical reviewer triage: Numerical treatment wording: Nursing considerations | Source locator review: openrn_pharm_round8: search URL (needs a specific supporting source) | 4 blocks without attached citation IDs | Not assigned to a selected topic collection,Not adjudicated
1,drug:morphine,Morphine,drug,383,Clinical reviewer triage: High-alert medication | 4 blocks without attached citation IDs | Not assigned to a selected topic collection,Not adjudicated
1,drug:dantrolene,Dantrolene,drug,384,Clinical reviewer triage: High-risk medication; Numerical treatment wording: Dosing | Source locator review: openrn_pharm_round17: search URL (needs a specific supporting source) | 4 blocks without attached citation IDs | Not assigned to a selected topic collection,Not adjudicated
1,drug:vincristine,Vincristine,drug,385,Clinical reviewer triage: High-alert medication | Source locator review: openrn_pharm_round18: search URL (needs a specific supporting source) | 4 blocks without attached citation IDs | Not assigned to a selected topic collection,Not adjudicated
1,drug:clozapine,Clozapine,drug,386,Clinical reviewer triage: High-alert medication; Numerical treatment wording: Dosing | Source locator review: openrn_mh_round5: search URL (needs a specific supporting source); openrn_pharm_round5: search URL (needs a specific supporting source) | 4 blocks without attached citation IDs | Not assigned to a selected topic collection,Not adjudicated
1,drug:eculizumab,Eculizumab,drug,392,Clinical reviewer triage: High-risk medication | Source locator review: openrn_pharm_round18: search URL (needs a specific supporting source) | 4 blocks without attached citation IDs | Not assigned to a selected topic collection,Not adjudicated
1,drug:mifepristone,Mifepristone,drug,397,Clinical reviewer triage: Numerical treatment wording: Dosing | Source locator review: openrn_pharm_round19: search URL (needs a specific supporting source) | 4 blocks without attached citation IDs | Not assigned to a selected topic collection,Not adjudicated
1,drug:lorazepam,Lorazepam,drug,400,Clinical reviewer triage: High-alert medication | 4 blocks without attached citation IDs | Not assigned to a selected topic collection,Not adjudicated
1,drug:adenosine,Adenosine,drug,402,Clinical reviewer triage: Numerical treatment wording: Dosing | Source locator review: openrn_pharmacology_book: search URL (needs a specific supporting source) | 4 blocks without attached citation IDs | Not assigned to a selected topic collection,Not adjudicated
1,drug:conivaptan,Conivaptan (Vaprisol),drug,402,Clinical reviewer triage: High-alert medication; Numerical treatment wording: Dosing; Numerical treatment wording: Quick reference | Source locator review: ismp_round34: site root (needs claim-level source review) | 5 blocks without attached citation IDs | Not assigned to a selected topic collection,Not adjudicated
1,drug:macitentan,Macitentan (Opsumit),drug,402,Clinical reviewer triage: High-alert medication | 5 blocks without attached citation IDs | Not assigned to a selected topic collection,Not adjudicated
1,drug:warfarin,Warfarin,drug,402,Clinical reviewer triage: High-alert medication | 5 blocks without attached citation IDs | Not assigned to a selected topic collection,Not adjudicated
1,drug:nimodipine,Nimodipine,drug,403,Clinical reviewer triage: High-alert medication | Source locator review: ismp_round34: site root (needs claim-level source review) | 5 blocks without attached citation IDs | Not assigned to a selected topic collection,Not adjudicated
1,drug:cyclophosphamide,Cyclophosphamide,drug,406,Clinical reviewer triage: High-alert medication | Source locator review: openrn_pharm_round18: search URL (needs a specific supporting source) | 4 blocks without attached citation IDs | Not assigned to a selected topic collection,Not adjudicated
1,drug:midazolam,Midazolam,drug,406,Clinical reviewer triage: High-alert medication | Source locator review: openrn_pharmacology_book: search URL (needs a specific supporting source) | 4 blocks without attached citation IDs | Not assigned to a selected topic collection,Not adjudicated
1,drug:succinylcholine,Succinylcholine,drug,408,Clinical reviewer triage: High-alert medication | Source locator review: openrn_pharmacology_book_2: search URL (needs a specific supporting source) | 4 blocks without attached citation IDs | Not assigned to a selected topic collection,Not adjudicated
1,drug:buprenorphine,Buprenorphine (mono and naloxone combinations),drug,411,Clinical reviewer triage: Numerical treatment wording: Dosing | Source locator review: openrn_pharm_round10: search URL (needs a specific supporting source) | 4 blocks without attached citation IDs | Not assigned to a selected topic collection,Not adjudicated
1,drug:cisplatin,Cisplatin,drug,411,Clinical reviewer triage: High-alert medication | Source locator review: openrn_pharm_round12: search URL (needs a specific supporting source) | 4 blocks without attached citation IDs | Not assigned to a selected topic collection,Not adjudicated
1,drug:epoetin-alfa,Epoetin alfa (EPO),drug,412,Clinical reviewer triage: High-risk medication | Source locator review: openrn_pharm_round18: search URL (needs a specific supporting source) | 4 blocks without attached citation IDs | Not assigned to a selected topic collection,Not adjudicated
1,drug:vancomycin,Vancomycin,drug,414,Clinical reviewer triage: Numerical treatment wording: Dosing | 4 blocks without attached citation IDs | Not assigned to a selected topic collection,Not adjudicated
1,drug:insulin-regular,Insulin (regular),drug,422,Clinical reviewer triage: High-alert medication | 4 blocks without attached citation IDs | Not assigned to a selected topic collection,Not adjudicated
1,drug:methadone,Methadone,drug,423,Clinical reviewer triage: High-alert medication; Numerical treatment wording: Dosing | Source locator review: openrn_pharm_round11: search URL (needs a specific supporting source) | 4 blocks without attached citation IDs | Not assigned to a selected topic collection,Not adjudicated
1,drug:insulin-nph,Insulin NPH,drug,424,Clinical reviewer triage: High-alert medication | 4 blocks without attached citation IDs | Not assigned to a selected topic collection,Not adjudicated
1,drug:methyldopa,Methyldopa (Aldomet),drug,426,Clinical reviewer triage: Numerical treatment wording: Dosing | 5 blocks without attached citation IDs | Not assigned to a selected topic collection,Not adjudicated
1,drug:dinoprostone,Dinoprostone,drug,427,Clinical reviewer triage: High-risk medication | Source locator review: openrn_pharm_round19: search URL (needs a specific supporting source) | 4 blocks without attached citation IDs | Not assigned to a selected topic collection,Not adjudicated
1,drug:digoxin,Digoxin,drug,430,Clinical reviewer triage: High-alert medication | 5 blocks without attached citation IDs | Not assigned to a selected topic collection,Not adjudicated
1,drug:disulfiram,Disulfiram,drug,430,Clinical reviewer triage: High-risk medication | Source locator review: openrn_pharm_round20: search URL (needs a specific supporting source) | 4 blocks without attached citation IDs | Not assigned to a selected topic collection,Not adjudicated
1,drug:oxytocin,Oxytocin,drug,432,Clinical reviewer triage: High-alert medication | Source locator review: openrn_pharm_round3b: search URL (needs a specific supporting source); openrn_matpharm_round3b: search URL (needs a specific supporting source) | 4 blocks without attached citation IDs | Not assigned to a selected topic collection,Not adjudicated
1,drug:alteplase,Alteplase,drug,433,Clinical reviewer triage: High-alert medication | Source locator review: openrn_pharm_doac: search URL (needs a specific supporting source) | 4 blocks without attached citation IDs | Not assigned to a selected topic collection,Not adjudicated
1,drug:norepinephrine,Norepinephrine,drug,439,Clinical reviewer triage: High-alert medication | 4 blocks without attached citation IDs | Not assigned to a selected topic collection,Not adjudicated
1,drug:fosphenytoin,Fosphenytoin,drug,442,Clinical reviewer triage: High-alert medication | 4 blocks without attached citation IDs | Not assigned to a selected topic collection,Not adjudicated
1,drug:ticagrelor,Ticagrelor,drug,442,Clinical reviewer triage: High-alert medication | 4 blocks without attached citation IDs | Not assigned to a selected topic collection,Not adjudicated
1,drug:amiodarone,Amiodarone,drug,444,Clinical reviewer triage: High-alert medication | 4 blocks without attached citation IDs | Not assigned to a selected topic collection,Not adjudicated
1,drug:epinephrine,Epinephrine (anaphylaxis / cardiac arrest),drug,451,Clinical reviewer triage: High-alert medication | 4 blocks without attached citation IDs | Not assigned to a selected topic collection,Not adjudicated
1,drug:hypertonic-saline-3-percent,Hypertonic saline (3% NaCl),drug,472,Clinical reviewer triage: High-alert medication | Source locator review: ismp_round34: site root (needs claim-level source review) | 5 blocks without attached citation IDs | Not assigned to a selected topic collection,Not adjudicated
1,drug:methotrexate,Methotrexate,drug,482,Clinical reviewer triage: High-alert medication | Source locator review: openrn_pharm_hv: search URL (needs a specific supporting source) | 5 blocks without attached citation IDs | Not assigned to a selected topic collection,Not adjudicated
1,drug:leucovorin-rescue,Leucovorin (folinic acid) — high-dose rescue,drug,493,Clinical reviewer triage: High-alert medication | Source locator review: ismp_round34: site root (needs claim-level source review) | 5 blocks without attached citation IDs | Not assigned to a selected topic collection,Not adjudicated
1,drug:phenytoin,Phenytoin,drug,494,Clinical reviewer triage: High-alert medication; Numerical treatment wording: Dosing | Source locator review: openrn_pharmacology_book_2: search URL (needs a specific supporting source) | 4 blocks without attached citation IDs | Not assigned to a selected topic collection,Not adjudicated
1,drug:semaglutide,Semaglutide,drug,506,Clinical reviewer triage: Numerical treatment wording: Dosing | Source locator review: openrn_pharm_hv: search URL (needs a specific supporting source) | 5 blocks without attached citation IDs | Not assigned to a selected topic collection,Not adjudicated
1,drug:idarucizumab,Idarucizumab (Praxbind),drug,512,Clinical reviewer triage: High-alert medication | 5 blocks without attached citation IDs | Not assigned to a selected topic collection,Not adjudicated
1,drug:epoprostenol,Epoprostenol (Flolan / Veletri),drug,516,Clinical reviewer triage: High-alert medication | 5 blocks without attached citation IDs | Not assigned to a selected topic collection,Not adjudicated
1,drug:potassium-chloride-iv-concentrated,"Potassium chloride (IV, concentrated)",drug,516,Clinical reviewer triage: High-alert medication | Source locator review: ismp_round34: site root (needs claim-level source review) | 5 blocks without attached citation IDs | Not assigned to a selected topic collection,Not adjudicated
1,drug:buprenorphine-naloxone,Buprenorphine-naloxone,drug,517,Clinical reviewer triage: High-alert medication; Numerical treatment wording: Dosing | Source locator review: openrn_pharm_round20: search URL (needs a specific supporting source) | 4 blocks without attached citation IDs | Not assigned to a selected topic collection,Not adjudicated
1,drug:pegvisomant,Pegvisomant (Somavert),drug,522,Clinical reviewer triage: Numerical treatment wording: Dosing; Numerical treatment wording: Quick reference | 5 blocks without attached citation IDs | Not assigned to a selected topic collection,Not adjudicated
1,drug:penicillin-g-benzathine,Penicillin G benzathine,drug,523,Clinical reviewer triage: High-risk medication | Source locator review: openrn_pharm_round20: search URL (needs a specific supporting source) | 4 blocks without attached citation IDs | Not assigned to a selected topic collection,Not adjudicated
1,drug:riociguat,Riociguat (Adempas),drug,524,Clinical reviewer triage: High-alert medication | 5 blocks without attached citation IDs | Not assigned to a selected topic collection,Not adjudicated
1,drug:theophylline,Theophylline,drug,529,Clinical reviewer triage: High-alert medication; Numerical treatment wording: Dosing; Numerical treatment wording: Quick reference | 5 blocks without attached citation IDs | Not assigned to a selected topic collection,Not adjudicated
1,drug:paricalcitol,Paricalcitol (Zemplar),drug,537,Clinical reviewer triage: Numerical treatment wording: Dosing | 5 blocks without attached citation IDs | Not assigned to a selected topic collection,Not adjudicated
1,drug:galantamine,Galantamine (Razadyne),drug,549,Clinical reviewer triage: Numerical treatment wording: Quick reference | Source locator review: specialty_round24: site root (needs claim-level source review) | 4 blocks without attached citation IDs | Not assigned to a selected topic collection,Not adjudicated
1,drug:labetalol,"Labetalol (Trandate, Normodyne)",drug,552,Clinical reviewer triage: High-alert medication; Numerical treatment wording: Dosing | 6 blocks without attached citation IDs | Not assigned to a selected topic collection,Not adjudicated
1,drug:treprostinil,Treprostinil (Remodulin / Tyvaso / Orenitram),drug,552,Clinical reviewer triage: High-alert medication; Numerical treatment wording: Dosing; Numerical treatment wording: Quick reference | 5 blocks without attached citation IDs | Not assigned to a selected topic collection,Not adjudicated
1,drug:bortezomib,Bortezomib (Velcade),drug,556,Clinical reviewer triage: High-alert medication | 5 blocks without attached citation IDs | Not assigned to a selected topic collection,Not adjudicated
1,drug:clonidine,"Clonidine (Catapres, Kapvay)",drug,565,Clinical reviewer triage: High-risk medication | 5 blocks without attached citation IDs | Not assigned to a selected topic collection,Not adjudicated
1,drug:caplacizumab,Caplacizumab (Cablivi),drug,566,Clinical reviewer triage: High-alert medication | 5 blocks without attached citation IDs | Not assigned to a selected topic collection,Not adjudicated
1,drug:romosozumab,Romosozumab (Evenity),drug,568,Clinical reviewer triage: High-alert medication | 5 blocks without attached citation IDs | Not assigned to a selected topic collection,Not adjudicated
1,drug:bosentan,Bosentan (Tracleer),drug,573,Clinical reviewer triage: High-alert medication | 5 blocks without attached citation IDs | Not assigned to a selected topic collection,Not adjudicated
1,drug:doxazosin,Doxazosin (Cardura / Cardura XL),drug,582,Clinical reviewer triage: Numerical treatment wording: Dosing; Numerical treatment wording: Quick reference | 5 blocks without attached citation IDs | Not assigned to a selected topic collection,Not adjudicated
1,drug:cabergoline,Cabergoline (Dostinex),drug,585,Clinical reviewer triage: Numerical treatment wording: Quick reference | 5 blocks without attached citation IDs | Not assigned to a selected topic collection,Not adjudicated
1,drug:vigabatrin,Vigabatrin (Sabril),drug,597,Clinical reviewer triage: High-risk medication; Numerical treatment wording: Dosing; Numerical treatment wording: Quick reference | 5 blocks without attached citation IDs | Not assigned to a selected topic collection,Not adjudicated
1,drug:topiramate,Topiramate (Topamax),drug,598,Clinical reviewer triage: Numerical treatment wording: Dosing; Numerical treatment wording: Quick reference | 4 blocks without attached citation IDs | Not assigned to a selected topic collection,Not adjudicated
1,drug:rivastigmine,"Rivastigmine (Exelon, patch)",drug,599,Clinical reviewer triage: Numerical treatment wording: Quick reference | Source locator review: specialty_round24: site root (needs claim-level source review) | 5 blocks without attached citation IDs | Not assigned to a selected topic collection,Not adjudicated
1,drug:melatonin,Melatonin (Pineal hormone supplement),drug,612,Clinical reviewer triage: Numerical treatment wording: Dosing; Numerical treatment wording: Nursing considerations | Source locator review: specialty_round24: site root (needs claim-level source review) | 5 blocks without attached citation IDs | Not assigned to a selected topic collection,Not adjudicated
1,drug:isavuconazole,Isavuconazole (Cresemba),drug,617,Clinical reviewer triage: High-alert medication | 5 blocks without attached citation IDs | Not assigned to a selected topic collection,Not adjudicated
1,drug:rasburicase,Rasburicase (Elitek),drug,619,Clinical reviewer triage: High-alert medication | 5 blocks without attached citation IDs | Not assigned to a selected topic collection,Not adjudicated
1,drug:andexanet-alfa,Andexanet alfa (Andexxa),drug,632,Clinical reviewer triage: High-alert medication | 5 blocks without attached citation IDs | Not assigned to a selected topic collection,Not adjudicated
1,drug:4-factor-pcc,4-factor prothrombin complex concentrate (Kcentra),drug,636,Clinical reviewer triage: High-alert medication | 5 blocks without attached citation IDs | Not assigned to a selected topic collection,Not adjudicated
1,drug:captopril,Captopril (Capoten),drug,636,Clinical reviewer triage: Numerical treatment wording: Dosing; Numerical treatment wording: Quick reference | 6 blocks without attached citation IDs | Not assigned to a selected topic collection,Not adjudicated
1,drug:ibrutinib,Ibrutinib (Imbruvica),drug,637,Clinical reviewer triage: High-alert medication | 4 blocks without attached citation IDs | Not assigned to a selected topic collection,Not adjudicated
1,drug:propylthiouracil,Propylthiouracil (PTU),drug,641,Clinical reviewer triage: High-alert medication; Numerical treatment wording: Nursing considerations | 5 blocks without attached citation IDs | Not assigned to a selected topic collection,Not adjudicated
1,drug:lenalidomide,Lenalidomide (Revlimid),drug,654,Clinical reviewer triage: High-alert medication | 5 blocks without attached citation IDs | Not assigned to a selected topic collection,Not adjudicated
1,drug:upadacitinib,Upadacitinib (Rinvoq),drug,654,Clinical reviewer triage: High-alert medication; Numerical treatment wording: Dosing | 5 blocks without attached citation IDs | Not assigned to a selected topic collection,Not adjudicated
1,drug:dapsone,Dapsone,drug,656,Clinical reviewer triage: High-alert medication; Numerical treatment wording: Dosing | 5 blocks without attached citation IDs | Not assigned to a selected topic collection,Not adjudicated
1,drug:pentamidine,Pentamidine (Pentam + NebuPent),drug,656,Clinical reviewer triage: High-alert medication | 5 blocks without attached citation IDs | Not assigned to a selected topic collection,Not adjudicated
1,drug:lacosamide,Lacosamide (Vimpat),drug,661,Clinical reviewer triage: Numerical treatment wording: Dosing; Numerical treatment wording: Quick reference | 5 blocks without attached citation IDs | Not assigned to a selected topic collection,Not adjudicated
1,drug:isoproterenol,Isoproterenol (Isuprel),drug,669,Clinical reviewer triage: High-alert medication; Numerical treatment wording: Dosing; Numerical treatment wording: Quick reference | 5 blocks without attached citation IDs | Not assigned to a selected topic collection,Not adjudicated
1,drug:venetoclax,Venetoclax (Venclexta),drug,670,Clinical reviewer triage: High-alert medication | 4 blocks without attached citation IDs | Not assigned to a selected topic collection,Not adjudicated
1,drug:clevidipine,Clevidipine (Cleviprex),drug,688,Clinical reviewer triage: High-alert medication; Numerical treatment wording: Quick reference | 5 blocks without attached citation IDs | Not assigned to a selected topic collection,Not adjudicated
1,drug:teriflunomide,Teriflunomide (Aubagio),drug,695,Clinical reviewer triage: High-alert medication | 5 blocks without attached citation IDs | Not assigned to a selected topic collection,Not adjudicated
1,drug:natalizumab,Natalizumab (Tysabri),drug,698,Clinical reviewer triage: High-alert medication | 5 blocks without attached citation IDs | Not assigned to a selected topic collection,Not adjudicated
1,drug:bivalirudin,Bivalirudin (Angiomax),drug,703,Clinical reviewer triage: High-alert medication | 5 blocks without attached citation IDs | Not assigned to a selected topic collection,Not adjudicated
1,drug:olaparib,Olaparib (Lynparza) + PARP inhibitors,drug,705,Clinical reviewer triage: High-alert medication | 5 blocks without attached citation IDs | Not assigned to a selected topic collection,Not adjudicated
1,drug:fentanyl-patch,Fentanyl transdermal patch (Duragesic),drug,706,Clinical reviewer triage: High-alert medication | Source locator review: specialty_round24: site root (needs claim-level source review) | 6 blocks without attached citation IDs | Not assigned to a selected topic collection,Not adjudicated
1,drug:itraconazole,Itraconazole (Sporanox / Tolsura),drug,707,Clinical reviewer triage: High-alert medication | 5 blocks without attached citation IDs | Not assigned to a selected topic collection,Not adjudicated
1,drug:milrinone,Milrinone (Primacor),drug,713,Clinical reviewer triage: High-alert medication | 5 blocks without attached citation IDs | Not assigned to a selected topic collection,Not adjudicated
1,drug:nusinersen,Nusinersen (Spinraza) + SMA therapies,drug,727,Clinical reviewer triage: High-alert medication | 5 blocks without attached citation IDs | Not assigned to a selected topic collection,Not adjudicated
1,drug:pyrimethamine-sulfadiazine,Pyrimethamine + sulfadiazine (+ leucovorin),drug,732,Clinical reviewer triage: High-alert medication | 5 blocks without attached citation IDs | Not assigned to a selected topic collection,Not adjudicated
1,drug:recombinant-factor-viia,Recombinant factor VIIa (NovoSeven RT),drug,738,Clinical reviewer triage: High-alert medication | 5 blocks without attached citation IDs | Not assigned to a selected topic collection,Not adjudicated
1,drug:argatroban,Argatroban,drug,753,Clinical reviewer triage: High-alert medication | 5 blocks without attached citation IDs | Not assigned to a selected topic collection,Not adjudicated
1,drug:icatibant,Icatibant (Firazyr),drug,757,Clinical reviewer triage: Numerical treatment wording: Dosing; Numerical treatment wording: Patient teaching | 5 blocks without attached citation IDs | Not assigned to a selected topic collection,Not adjudicated
1,drug:valganciclovir,Valganciclovir (Valcyte),drug,771,Clinical reviewer triage: High-alert medication | 5 blocks without attached citation IDs | Not assigned to a selected topic collection,Not adjudicated
1,drug:trastuzumab-deruxtecan,Trastuzumab deruxtecan (Enhertu) + HER2 antibody-drug conjugates,drug,776,Clinical reviewer triage: High-alert medication | 5 blocks without attached citation IDs | Not assigned to a selected topic collection,Not adjudicated
1,drug:pyridostigmine,Pyridostigmine (Mestinon),drug,793,Clinical reviewer triage: High-alert medication; Numerical treatment wording: Dosing; Numerical treatment wording: Quick reference | 5 blocks without attached citation IDs | Not assigned to a selected topic collection,Not adjudicated
1,drug:fingolimod,Fingolimod (Gilenya) + S1P modulators,drug,834,Clinical reviewer triage: High-alert medication; Numerical treatment wording: Dosing | 5 blocks without attached citation IDs | Not assigned to a selected topic collection,Not adjudicated
1,drug:lidocaine-iv-antiarrhythmic,Lidocaine IV antiarrhythmic,drug,835,Clinical reviewer triage: High-alert medication | 5 blocks without attached citation IDs | Not assigned to a selected topic collection,Not adjudicated
1,drug:ipilimumab,Ipilimumab (Yervoy),drug,837,Clinical reviewer triage: High-alert medication | 5 blocks without attached citation IDs | Not assigned to a selected topic collection,Not adjudicated
1,drug:capecitabine,Capecitabine (Xeloda) + 5-FU prodrug,drug,872,Clinical reviewer triage: High-alert medication | 5 blocks without attached citation IDs | Not assigned to a selected topic collection,Not adjudicated
1,drug:oxaliplatin,Oxaliplatin (Eloxatin),drug,877,Clinical reviewer triage: High-alert medication | 5 blocks without attached citation IDs | Not assigned to a selected topic collection,Not adjudicated
1,drug:digoxin-immune-fab,Digoxin immune Fab (DigiFab),drug,928,Clinical reviewer triage: High-alert medication | 5 blocks without attached citation IDs | Not assigned to a selected topic collection,Not adjudicated
1,drug:nivolumab,Nivolumab (Opdivo) + anti-PD-1 immunotherapy,drug,979,Clinical reviewer triage: High-alert medication | 5 blocks without attached citation IDs | Not assigned to a selected topic collection,Not adjudicated
1,lab:cortisol,Cortisol,lab,321,Clinical reviewer triage: Numerical treatment wording: Interpretation | Source locator review: openrn_labs_round3: search URL (needs a specific supporting source); openrn_mslabs_round3: search URL (needs a specific supporting source) | Not assigned to a selected topic collection,Not adjudicated
1,lab:blood-alcohol-level,Blood alcohol level (BAL/BAC),lab,527,Clinical reviewer triage: Numerical treatment wording: Watch for | Source locator review: cdc_lpr_round35: site root (needs claim-level source review); specialty_lpr_round35: site root (needs claim-level source review) | Not assigned to a selected topic collection,Not adjudicated
1,lab:pediatric-glucose-monitoring,Neonatal + pediatric glucose monitoring,lab,671,Clinical reviewer triage: Numerical treatment wording: Interpretation | Source locator review: cdc_lpr38: site root (needs claim-level source review); specialty_lpr38: site root (needs claim-level source review) | Not assigned to a selected topic collection,Not adjudicated
1,procedure:ng-feeding,NG / OG tube feeding,procedure,382,Clinical reviewer triage: Numerical treatment wording: Steps | Source locator review: openrn_skills2: search URL (needs a specific supporting source),Not adjudicated
1,procedure:methotrexate-rescue,Methotrexate toxicity rescue protocol,procedure,417,Clinical reviewer triage: Numerical treatment wording: Steps | Not assigned to a selected topic collection,Not adjudicated
1,procedure:tpa-stroke-admin,Alteplase / tenecteplase administration for ischemic stroke,procedure,487,Clinical reviewer triage: Numerical treatment wording: Watch for | Source locator review: openrn_skills_round13: search URL (needs a specific supporting source) | Not assigned to a selected topic collection,Not adjudicated
1,procedure:iron-iv-administration,Intravenous iron administration,procedure,578,Clinical reviewer triage: Numerical treatment wording: Steps | Not assigned to a selected topic collection,Not adjudicated
1,procedure:peg-tube-management,PEG (percutaneous endoscopic gastrostomy) tube management,procedure,711,Clinical reviewer triage: Numerical treatment wording: Steps | Source locator review: cdc_p37a: site root (needs claim-level source review); specialty_p37a: site root (needs claim-level source review),Not adjudicated
1,procedure:implanted-port-care,Implanted vascular access port (port-a-cath) care,procedure,927,Clinical reviewer triage: Numerical treatment wording: Steps | Source locator review: cdc_pr_round33: site root (needs claim-level source review),Not adjudicated
1,reference:code-blue-roles,Code blue roles and choreography,reference,255,Clinical reviewer triage: Numerical treatment wording: Closed-loop communication; Numerical treatment wording: Code Team Leader (typically physician or designated); Numerical treatment wording: Medication / IV access | Source locator review: aha_acls: site root (needs claim-level source review),Not adjudicated
1,reference:ciwa-ar,CIWA-Ar — Alcohol Withdrawal Assessment,reference,265,Clinical reviewer triage: Numerical treatment wording: Purpose | Source locator review: openrn_ed: search URL (needs a specific supporting source) | 14 blocks without attached citation IDs,Not adjudicated
1,reference:sepsis-bundle,Sepsis 1-hour bundle (SEP-1),reference,298,Clinical reviewer triage: Numerical treatment wording: Common pitfalls | Source locator review: cms_ref_2: site root (needs claim-level source review); cdc_ref_2: site root (needs claim-level source review) | 4 blocks without attached citation IDs | Not assigned to a selected topic collection,Not adjudicated
1,reference:massive-transfusion-protocol,Massive Transfusion Protocol (MTP),reference,342,Clinical reviewer triage: Numerical treatment wording: Activation steps | Source locator review: openrn_skills_round3: search URL (needs a specific supporting source) | 12 blocks without attached citation IDs,Not adjudicated
1,reference:gout-management,Gout — flare and chronic management,reference,393,Clinical reviewer triage: Numerical treatment wording: Urate-lowering therapy — first-line | Source locator review: openrn_ha_round8_proc: search URL (needs a specific supporting source) | 18 blocks without attached citation IDs | Not assigned to a selected topic collection,Not adjudicated
1,reference:mat-overview,Medication-assisted treatment (MAT) overview,reference,404,Clinical reviewer triage: Numerical treatment wording: Buprenorphine initiation (most common OUD start) | 7 blocks without attached citation IDs | Not assigned to a selected topic collection,Not adjudicated
1,reference:dmards-traditional-strategies,Traditional DMARDs — RA + autoimmune therapy,reference,609,Clinical reviewer triage: Numerical treatment wording: Methotrexate (RA anchor drug) | 30 blocks without attached citation IDs | Not assigned to a selected topic collection,Not adjudicated
1,reference:insulin-regimens-reference,Insulin regimens reference,reference,968,Clinical reviewer triage: Numerical treatment wording: Common ERRORS + safety | Source locator review: cdc_li39b: site root (needs claim-level source review); specialty_li39b: site root (needs claim-level source review) | 33 blocks without attached citation IDs | Not assigned to a selected topic collection,Not adjudicated
2,communication:sbarq,SBARQ,communication,161,Source locator review: openrn_fundamentals_comm: search URL (needs a specific supporting source) | 5 blocks without attached citation IDs | Not assigned to a selected topic collection,Not adjudicated
2,communication:therapeutic-silence,Therapeutic silence,communication,167,Source locator review: openrn_mental_health: search URL (needs a specific supporting source) | Not assigned to a selected topic collection,Not adjudicated
2,communication:step-situation-monitoring,STEP — situation monitoring,communication,184,4 blocks without attached citation IDs | Not assigned to a selected topic collection,Not adjudicated
2,communication:active-listening,Active listening,communication,191,Source locator review: openrn_mental_health: search URL (needs a specific supporting source); openrn_fundamentals_comm: search URL (needs a specific supporting source) | Not assigned to a selected topic collection,Not adjudicated
2,communication:open-closed-questions,Open- vs closed-ended questions,communication,199,Source locator review: openrn_mental_health: search URL (needs a specific supporting source); openrn_fundamentals_comm: search URL (needs a specific supporting source) | 2 blocks without attached citation IDs | Not assigned to a selected topic collection,Not adjudicated
2,communication:reflection-restating-clarifying,"Reflection, restating, clarifying",communication,214,Source locator review: openrn_mental_health: search URL (needs a specific supporting source) | 3 blocks without attached citation IDs | Not assigned to a selected topic collection,Not adjudicated
2,communication:ipass,I-PASS handoff,communication,223,5 blocks without attached citation IDs,Not adjudicated
2,communication:aidet,AIDET,communication,235,Source locator review: aidet_studer: site root (needs claim-level source review) | 5 blocks without attached citation IDs | Not assigned to a selected topic collection,Not adjudicated
2,communication:desc-script,DESC script — conflict resolution,communication,240,4 blocks without attached citation IDs | Not assigned to a selected topic collection,Not adjudicated
2,communication:cus-assertive,CUS — assertive escalation,communication,245,3 blocks without attached citation IDs,Not adjudicated
2,communication:therapeutic-communication,Therapeutic communication,communication,282,Source locator review: openrn_fundamentals_comm: search URL (needs a specific supporting source); openrn_mental_health: search URL (needs a specific supporting source),Not adjudicated
2,communication:verbal-deescalation,Verbal de-escalation,communication,315,Source locator review: openrn_mental_health: search URL (needs a specific supporting source),Not adjudicated
2,communication:workplace-incivility,"Incivility, bullying, and the silenced nurse",communication,320,Source locator review: ahrq_psnet_c3: site root (needs claim-level source review) | Not assigned to a selected topic collection,Not adjudicated
2,communication:chain-of-command-escalation,Escalating up the chain of command,communication,352,Source locator review: ahrq_psnet_c3: site root (needs claim-level source review),Not adjudicated
2,communication:error-disclosure,Error disclosure to patients and families,communication,353,Source locator review: ahrq_psnet_c3: site root (needs claim-level source review) | Not assigned to a selected topic collection,Not adjudicated
2,communication:sbar,SBAR communication,communication,354,4 blocks without attached citation IDs,Not adjudicated
2,communication:family-communication-crisis,Talking with families during deterioration and codes,communication,394,Source locator review: ahrq_psnet_c3: site root (needs claim-level source review),Not adjudicated
2,diagnosis:basal-cell-carcinoma,Basal cell carcinoma (BCC),diagnosis,192,Source locator review: openrn_ms_round7: search URL (needs a specific supporting source) | Not assigned to a selected topic collection,Not adjudicated
2,diagnosis:otitis-externa,"Otitis externa (""swimmer's ear"")",diagnosis,203,Source locator review: openrn_ms_round7: search URL (needs a specific supporting source); cdc_dx_round7: site root (needs claim-level source review) | Not assigned to a selected topic collection,Not adjudicated
2,diagnosis:hirschsprung-disease,Hirschsprung disease,diagnosis,222,Source locator review: openrn_ms_round5: search URL (needs a specific supporting source); cdc_dx_round5: site root (needs claim-level source review) | Not assigned to a selected topic collection,Not adjudicated
2,diagnosis:roseola,Roseola (exanthem subitum),diagnosis,228,Source locator review: cdc_dx_round5: site root (needs claim-level source review); openrn_ms_round5: search URL (needs a specific supporting source) | Not assigned to a selected topic collection,Not adjudicated
2,diagnosis:pyloric-stenosis,Pyloric stenosis (hypertrophic),diagnosis,230,Source locator review: openrn_ms_round5: search URL (needs a specific supporting source); cdc_dx_round5: site root (needs claim-level source review) | Not assigned to a selected topic collection,Not adjudicated
2,diagnosis:torsades-de-pointes,Torsades de pointes,diagnosis,231,Source locator review: openrn_dx_round11: search URL (needs a specific supporting source) | Not assigned to a selected topic collection,Not adjudicated
2,diagnosis:wilms-tumor,Wilms tumor (nephroblastoma),diagnosis,233,Source locator review: openrn_peds_round9: search URL (needs a specific supporting source) | Not assigned to a selected topic collection,Not adjudicated
2,diagnosis:retinal-detachment,Retinal detachment,diagnosis,234,Source locator review: openrn_ms_round7: search URL (needs a specific supporting source) | Not assigned to a selected topic collection,Not adjudicated
2,diagnosis:complete-heart-block,Complete (3rd-degree) heart block,diagnosis,239,Source locator review: openrn_dx_round11: search URL (needs a specific supporting source) | Not assigned to a selected topic collection,Not adjudicated
2,diagnosis:fifth-disease,Fifth disease (erythema infectiosum),diagnosis,239,Source locator review: cdc_dx_round5: site root (needs claim-level source review); openrn_ms_round5: search URL (needs a specific supporting source) | Not assigned to a selected topic collection,Not adjudicated
2,diagnosis:pneumonia,Pneumonia,diagnosis,239,Source locator review: cdc_clinical: site root (needs claim-level source review),Not adjudicated
2,diagnosis:hand-foot-mouth-disease,Hand-foot-mouth disease,diagnosis,240,Source locator review: cdc_dx_round5: site root (needs claim-level source review); openrn_ms_round5: search URL (needs a specific supporting source) | Not assigned to a selected topic collection,Not adjudicated
2,diagnosis:uterine-fibroids,Uterine fibroids (leiomyomas),diagnosis,241,Source locator review: openrn_ms_round8: search URL (needs a specific supporting source) | Not assigned to a selected topic collection,Not adjudicated
2,diagnosis:adjustment-disorder,Adjustment disorder,diagnosis,245,Source locator review: openrn_mh_round5_dx: search URL (needs a specific supporting source) | Not assigned to a selected topic collection,Not adjudicated
2,diagnosis:squamous-cell-carcinoma,"Squamous cell carcinoma (SCC, cutaneous)",diagnosis,245,Source locator review: openrn_ms_round7: search URL (needs a specific supporting source) | Not assigned to a selected topic collection,Not adjudicated
2,diagnosis:intussusception,Intussusception,diagnosis,246,Source locator review: openrn_ms_round5: search URL (needs a specific supporting source); cdc_dx_round5: site root (needs claim-level source review) | Not assigned to a selected topic collection,Not adjudicated
2,diagnosis:scarlet-fever,Scarlet fever,diagnosis,249,Source locator review: cdc_dx_round5: site root (needs claim-level source review); openrn_ms_round5: search URL (needs a specific supporting source) | Not assigned to a selected topic collection,Not adjudicated
2,diagnosis:acute-transplant-rejection,Acute transplant rejection,diagnosis,252,Source locator review: openrn_ms_round7: search URL (needs a specific supporting source) | Not assigned to a selected topic collection,Not adjudicated
2,diagnosis:cholinergic-toxicity,Cholinergic / organophosphate toxicity,diagnosis,252,Source locator review: openrn_ms_round10: search URL (needs a specific supporting source) | Not assigned to a selected topic collection,Not adjudicated
2,diagnosis:nms,Neuroleptic malignant syndrome (NMS),diagnosis,252,Source locator review: openrn_ms_round10: search URL (needs a specific supporting source) | Not assigned to a selected topic collection,Not adjudicated
2,diagnosis:tetanus,Tetanus,diagnosis,253,Source locator review: cdc_dx_round5: site root (needs claim-level source review); openrn_ms_round5: search URL (needs a specific supporting source) | Not assigned to a selected topic collection,Not adjudicated
2,diagnosis:long-qt-syndrome,Long QT syndrome (LQTS),diagnosis,254,Source locator review: openrn_dx_round11: search URL (needs a specific supporting source) | Not assigned to a selected topic collection,Not adjudicated
2,diagnosis:neuroblastoma,Neuroblastoma,diagnosis,254,Source locator review: openrn_peds_round9: search URL (needs a specific supporting source) | Not assigned to a selected topic collection,Not adjudicated
2,diagnosis:chorioamnionitis,Chorioamnionitis (Intraamniotic Infection),diagnosis,256,Source locator review: openrn_matnew: search URL (needs a specific supporting source) | Not assigned to a selected topic collection,Not adjudicated
2,diagnosis:retinoblastoma,Retinoblastoma,diagnosis,256,Source locator review: openrn_peds_round9: search URL (needs a specific supporting source) | Not assigned to a selected topic collection,Not adjudicated
2,diagnosis:crao,Central retinal artery occlusion (CRAO),diagnosis,259,Source locator review: openrn_ms_round7: search URL (needs a specific supporting source) | Not assigned to a selected topic collection,Not adjudicated
2,diagnosis:generalized-anxiety-disorder,Generalized Anxiety Disorder (GAD),diagnosis,259,Source locator review: openrn_mh: search URL (needs a specific supporting source) | Not assigned to a selected topic collection,Not adjudicated
2,diagnosis:pda,Patent ductus arteriosus (PDA),diagnosis,261,Source locator review: openrn_peds_round9: search URL (needs a specific supporting source) | Not assigned to a selected topic collection,Not adjudicated
2,diagnosis:hypercalcemia-of-malignancy,Hypercalcemia of malignancy,diagnosis,262,Source locator review: openrn_ms_round6: search URL (needs a specific supporting source) | Not assigned to a selected topic collection,Not adjudicated
2,diagnosis:eclampsia,Eclampsia,diagnosis,263,Source locator review: openrn_matnew: search URL (needs a specific supporting source) | Not assigned to a selected topic collection,Not adjudicated
2,diagnosis:hypokalemia,Hypokalemia,diagnosis,263,Source locator review: openrn_medsurg3: search URL (needs a specific supporting source) | Not assigned to a selected topic collection,Not adjudicated
2,diagnosis:borderline-personality-disorder,Borderline personality disorder (BPD),diagnosis,264,Source locator review: openrn_mh_round5_dx: search URL (needs a specific supporting source) | Not assigned to a selected topic collection,Not adjudicated
2,diagnosis:itp,Immune thrombocytopenia (ITP),diagnosis,264,Source locator review: openrn_ms_round6: search URL (needs a specific supporting source) | Not assigned to a selected topic collection,Not adjudicated
2,diagnosis:cmv-disease,CMV reactivation / disease,diagnosis,267,Source locator review: openrn_ms_round7: search URL (needs a specific supporting source) | Not assigned to a selected topic collection,Not adjudicated
2,diagnosis:esophageal-cancer,Esophageal cancer,diagnosis,268,Source locator review: openrn_dx_round12: search URL (needs a specific supporting source) | Not assigned to a selected topic collection,Not adjudicated
2,diagnosis:cleft-lip-palate,Cleft lip and palate,diagnosis,269,Source locator review: openrn_ms_round5: search URL (needs a specific supporting source); cdc_dx_round5: site root (needs claim-level source review) | Not assigned to a selected topic collection,Not adjudicated
2,diagnosis:myxedema-coma,Myxedema coma,diagnosis,270,Source locator review: openrn_ms_round6: search URL (needs a specific supporting source) | Not assigned to a selected topic collection,Not adjudicated
2,diagnosis:nephrotic-syndrome,Nephrotic syndrome,diagnosis,273,Source locator review: openrn_ms_round6: search URL (needs a specific supporting source) | Not assigned to a selected topic collection,Not adjudicated
2,diagnosis:rcc,Renal cell carcinoma (RCC),diagnosis,274,Source locator review: openrn_dx_round12: search URL (needs a specific supporting source) | Not assigned to a selected topic collection,Not adjudicated
2,diagnosis:adhd,Attention-deficit/hyperactivity disorder (ADHD),diagnosis,275,Source locator review: openrn_mh_round5_dx: search URL (needs a specific supporting source) | Not assigned to a selected topic collection,Not adjudicated
2,diagnosis:cushing-syndrome,Cushing syndrome,diagnosis,275,Source locator review: openrn_ms_round6: search URL (needs a specific supporting source) | Not assigned to a selected topic collection,Not adjudicated
2,diagnosis:taco,Transfusion-associated circulatory overload (TACO),diagnosis,276,Source locator review: openrn_dx_round17: search URL (needs a specific supporting source) | Not assigned to a selected topic collection,Not adjudicated
2,diagnosis:ventricular-fibrillation,Ventricular fibrillation (VF),diagnosis,276,Source locator review: openrn_dx_round11: search URL (needs a specific supporting source),Not adjudicated
2,diagnosis:wpw,Wolff-Parkinson-White syndrome (WPW),diagnosis,276,Source locator review: openrn_dx_round11: search URL (needs a specific supporting source) | Not assigned to a selected topic collection,Not adjudicated
2,diagnosis:sjogren-syndrome,Sjögren syndrome,diagnosis,277,Source locator review: openrn_ms_round8: search URL (needs a specific supporting source) | Not assigned to a selected topic collection,Not adjudicated
2,diagnosis:tga,Transposition of the great arteries (TGA),diagnosis,277,Source locator review: openrn_peds_round9: search URL (needs a specific supporting source) | Not assigned to a selected topic collection,Not adjudicated
2,diagnosis:anticholinergic-toxicity,Anticholinergic toxicity,diagnosis,278,Source locator review: openrn_ms_round10: search URL (needs a specific supporting source) | Not assigned to a selected topic collection,Not adjudicated
2,diagnosis:hypocalcemia,Hypocalcemia,diagnosis,278,Source locator review: openrn_medsurg3: search URL (needs a specific supporting source) | Not assigned to a selected topic collection,Not adjudicated
2,diagnosis:svc-syndrome,Superior vena cava (SVC) syndrome,diagnosis,278,Source locator review: openrn_ms_round6: search URL (needs a specific supporting source) | Not assigned to a selected topic collection,Not adjudicated
2,diagnosis:hellp-syndrome,HELLP Syndrome,diagnosis,281,Source locator review: openrn_matnew: search URL (needs a specific supporting source) | Not assigned to a selected topic collection,Not adjudicated
2,diagnosis:cerebral-palsy,Cerebral palsy (CP),diagnosis,282,Source locator review: openrn_peds_round9: search URL (needs a specific supporting source) | Not assigned to a selected topic collection,Not adjudicated
2,diagnosis:siadh,SIADH,diagnosis,282,Source locator review: openrn_medsurg3: search URL (needs a specific supporting source) | Not assigned to a selected topic collection,Not adjudicated
2,diagnosis:bulimia-nervosa,Bulimia Nervosa,diagnosis,284,Source locator review: openrn_mh: search URL (needs a specific supporting source) | Not assigned to a selected topic collection,Not adjudicated
2,diagnosis:bowel-obstruction,Bowel Obstruction,diagnosis,285,Source locator review: openrn_medsurg3: search URL (needs a specific supporting source) | Not assigned to a selected topic collection,Not adjudicated
2,diagnosis:bph,Benign prostatic hyperplasia (BPH),diagnosis,286,Source locator review: openrn_ms_round6: search URL (needs a specific supporting source) | Not assigned to a selected topic collection,Not adjudicated
2,diagnosis:sbp,Spontaneous bacterial peritonitis (SBP),diagnosis,286,Source locator review: openrn_ms_round6: search URL (needs a specific supporting source) | Not assigned to a selected topic collection,Not adjudicated
2,diagnosis:hlhs,Hypoplastic left heart syndrome (HLHS),diagnosis,287,Source locator review: openrn_peds_round9: search URL (needs a specific supporting source) | Not assigned to a selected topic collection,Not adjudicated
2,diagnosis:hypernatremia,Hypernatremia,diagnosis,287,Source locator review: openrn_medsurg3: search URL (needs a specific supporting source) | Not assigned to a selected topic collection,Not adjudicated
2,diagnosis:panic-disorder,Panic Disorder,diagnosis,287,Source locator review: openrn_mh: search URL (needs a specific supporting source) | Not assigned to a selected topic collection,Not adjudicated
2,diagnosis:reye-syndrome,Reye Syndrome,diagnosis,287,Source locator review: openrn_peds: search URL (needs a specific supporting source) | Not assigned to a selected topic collection,Not adjudicated
2,diagnosis:sympathomimetic-toxicity,Sympathomimetic toxicity,diagnosis,288,Source locator review: openrn_ms_round10: search URL (needs a specific supporting source) | Not assigned to a selected topic collection,Not adjudicated
2,diagnosis:testicular-torsion,Testicular torsion,diagnosis,288,Source locator review: openrn_ms_round8: search URL (needs a specific supporting source) | Not assigned to a selected topic collection,Not adjudicated
2,diagnosis:frailty-syndrome,Frailty syndrome,diagnosis,289,Source locator review: openrn_ms_round7: search URL (needs a specific supporting source) | Not assigned to a selected topic collection,Not adjudicated
2,diagnosis:myelofibrosis,Myelofibrosis,diagnosis,289,Source locator review: openrn_dx_round14: search URL (needs a specific supporting source) | Not assigned to a selected topic collection,Not adjudicated
2,diagnosis:diabetes-insipidus,Diabetes Insipidus (DI),diagnosis,292,Source locator review: openrn_medsurg3: search URL (needs a specific supporting source),Not adjudicated
2,diagnosis:essential-thrombocythemia,Essential thrombocythemia (ET),diagnosis,292,Source locator review: openrn_dx_round14: search URL (needs a specific supporting source) | Not assigned to a selected topic collection,Not adjudicated
2,diagnosis:placenta-previa,Placenta Previa,diagnosis,292,Source locator review: openrn_matnew: search URL (needs a specific supporting source) | Not assigned to a selected topic collection,Not adjudicated
2,diagnosis:ssnhl,Sudden sensorineural hearing loss (SSNHL),diagnosis,292,Source locator review: openrn_ms_round7: search URL (needs a specific supporting source),Not adjudicated
2,diagnosis:anca-vasculitis,ANCA-associated vasculitis,diagnosis,293,Source locator review: openrn_ms_round8: search URL (needs a specific supporting source) | Not assigned to a selected topic collection,Not adjudicated
2,diagnosis:hypothyroidism,Hypothyroidism,diagnosis,293,Source locator review: openrn_medsurg_book: search URL (needs a specific supporting source) | Check absent sections: Pathophysiology | Not assigned to a selected topic collection,Not adjudicated
2,diagnosis:malignant-spinal-cord-compression,Malignant spinal cord compression (MSCC),diagnosis,293,Source locator review: openrn_ms_round6: search URL (needs a specific supporting source) | Not assigned to a selected topic collection,Not adjudicated
2,diagnosis:heat-stroke,Heat stroke,diagnosis,294,Source locator review: openrn_ms_round10: search URL (needs a specific supporting source) | Not assigned to a selected topic collection,Not adjudicated
2,diagnosis:ocd,Obsessive-Compulsive Disorder (OCD),diagnosis,294,Source locator review: openrn_mh: search URL (needs a specific supporting source) | Not assigned to a selected topic collection,Not adjudicated
2,diagnosis:diverticulitis,Diverticulitis,diagnosis,295,Source locator review: openrn_ms_round3: search URL (needs a specific supporting source) | Not assigned to a selected topic collection,Not adjudicated
2,diagnosis:thyroid-storm,Thyroid storm,diagnosis,296,Source locator review: openrn_ms_round6: search URL (needs a specific supporting source) | Not assigned to a selected topic collection,Not adjudicated
2,diagnosis:ccb-toxicity,Calcium channel blocker toxicity,diagnosis,297,Source locator review: openrn_dx_round16: search URL (needs a specific supporting source) | Not assigned to a selected topic collection,Not adjudicated
2,diagnosis:hemophilia,Hemophilia A and B,diagnosis,297,Source locator review: openrn_ms_round6: search URL (needs a specific supporting source) | Not assigned to a selected topic collection,Not adjudicated
2,diagnosis:acute-otitis-media,Acute otitis media (AOM),diagnosis,298,Source locator review: openrn_ms_round7: search URL (needs a specific supporting source); cdc_dx_round7: site root (needs claim-level source review) | Not assigned to a selected topic collection,Not adjudicated
2,diagnosis:hyperemesis-gravidarum,Hyperemesis Gravidarum,diagnosis,299,Source locator review: openrn_matnew: search URL (needs a specific supporting source) | Not assigned to a selected topic collection,Not adjudicated
2,diagnosis:stimulant-use-disorder,Stimulant use disorder,diagnosis,299,Source locator review: openrn_mh_round5_dx: search URL (needs a specific supporting source); cdc_dx_round5: site root (needs claim-level source review) | Not assigned to a selected topic collection,Not adjudicated
2,diagnosis:dic,Disseminated Intravascular Coagulation (DIC),diagnosis,300,Source locator review: openrn_medsurg4: search URL (needs a specific supporting source) | Not assigned to a selected topic collection,Not adjudicated
2,diagnosis:endometriosis,Endometriosis,diagnosis,300,Source locator review: openrn_ms_round8: search URL (needs a specific supporting source) | Not assigned to a selected topic collection,Not adjudicated
2,diagnosis:appendicitis,Acute Appendicitis,diagnosis,301,Source locator review: openrn_medsurg3: search URL (needs a specific supporting source) | Not assigned to a selected topic collection,Not adjudicated
2,diagnosis:tension-pneumothorax,Tension pneumothorax,diagnosis,301,Source locator review: openrn_dx_round17: search URL (needs a specific supporting source) | Not assigned to a selected topic collection,Not adjudicated
2,diagnosis:fibromyalgia,Fibromyalgia,diagnosis,302,Source locator review: openrn_ms_round8: search URL (needs a specific supporting source) | Not assigned to a selected topic collection,Not adjudicated
2,diagnosis:opioid-induced-constipation,Opioid-induced constipation (OIC),diagnosis,302,Source locator review: openrn_dx_round11: search URL (needs a specific supporting source) | Not assigned to a selected topic collection,Not adjudicated
2,diagnosis:pyelonephritis,Pyelonephritis,diagnosis,302,Source locator review: openrn_ms_round3: search URL (needs a specific supporting source) | Not assigned to a selected topic collection,Not adjudicated
2,diagnosis:terminal-dyspnea,"Terminal dyspnea / ""death rattle""",diagnosis,302,Source locator review: openrn_dx_round11: search URL (needs a specific supporting source) | Not assigned to a selected topic collection,Not adjudicated
2,diagnosis:prostatitis,Prostatitis,diagnosis,304,Source locator review: openrn_ms_round8: search URL (needs a specific supporting source) | Not assigned to a selected topic collection,Not adjudicated
2,diagnosis:cholecystitis,Acute Cholecystitis,diagnosis,306,Source locator review: openrn_medsurg4: search URL (needs a specific supporting source) | Not assigned to a selected topic collection,Not adjudicated
2,diagnosis:dress-syndrome,DRESS syndrome,diagnosis,306,Source locator review: openrn_dx_round16: search URL (needs a specific supporting source) | Not assigned to a selected topic collection,Not adjudicated
2,diagnosis:gastric-cancer,Gastric cancer,diagnosis,306,Source locator review: openrn_dx_round12: search URL (needs a specific supporting source) | Not assigned to a selected topic collection,Not adjudicated
2,diagnosis:melanoma,Melanoma,diagnosis,306,Source locator review: openrn_ms_round7: search URL (needs a specific supporting source) | Not assigned to a selected topic collection,Not adjudicated
2,diagnosis:serotonin-syndrome,Serotonin syndrome,diagnosis,306,Source locator review: openrn_ms_round10: search URL (needs a specific supporting source) | Not assigned to a selected topic collection,Not adjudicated
2,diagnosis:beta-blocker-toxicity,Beta-blocker toxicity,diagnosis,307,Source locator review: openrn_dx_round16: search URL (needs a specific supporting source) | Not assigned to a selected topic collection,Not adjudicated
2,diagnosis:chlamydia,Chlamydia trachomatis infection,diagnosis,307,Source locator review: openrn_ms_round10: search URL (needs a specific supporting source) | Not assigned to a selected topic collection,Not adjudicated
2,diagnosis:hypothermia,Hypothermia,diagnosis,307,Source locator review: openrn_ms_round10: search URL (needs a specific supporting source) | Not assigned to a selected topic collection,Not adjudicated
2,diagnosis:stress-urinary-incontinence,Stress urinary incontinence (SUI),diagnosis,307,Source locator review: openrn_dx_round19: search URL (needs a specific supporting source) | Not assigned to a selected topic collection,Not adjudicated
2,diagnosis:bladder-cancer,Bladder cancer,diagnosis,308,Source locator review: openrn_dx_round12: search URL (needs a specific supporting source) | Not assigned to a selected topic collection,Not adjudicated
2,diagnosis:coarctation-of-aorta,Coarctation of the aorta,diagnosis,308,Source locator review: openrn_peds_round9: search URL (needs a specific supporting source) | Not assigned to a selected topic collection,Not adjudicated
2,diagnosis:acute-liver-failure,Acute liver failure (ALF),diagnosis,310,Source locator review: openrn_dx_round12: search URL (needs a specific supporting source) | Not assigned to a selected topic collection,Not adjudicated
2,diagnosis:aaa,Abdominal aortic aneurysm (AAA),diagnosis,311,Source locator review: openrn_dx_round11: search URL (needs a specific supporting source) | Not assigned to a selected topic collection,Not adjudicated
2,diagnosis:adrenal-crisis,Adrenal Crisis (Addisonian Crisis),diagnosis,311,Source locator review: openrn_medsurg3: search URL (needs a specific supporting source) | Not assigned to a selected topic collection,Not adjudicated
2,diagnosis:c-diff-colitis,C. difficile Colitis,diagnosis,311,Source locator review: openrn_medsurg4: search URL (needs a specific supporting source); cdc_dx2: site root (needs claim-level source review) | Not assigned to a selected topic collection,Not adjudicated
2,diagnosis:chronic-insomnia,Chronic insomnia disorder,diagnosis,311,Source locator review: openrn_dx_round14: search URL (needs a specific supporting source) | Not assigned to a selected topic collection,Not adjudicated
2,diagnosis:hemothorax,Hemothorax,diagnosis,311,Source locator review: openrn_dx_round17: search URL (needs a specific supporting source) | Not assigned to a selected topic collection,Not adjudicated
2,diagnosis:rocky-mountain-spotted-fever,Rocky Mountain spotted fever (RMSF),diagnosis,312,Source locator review: cdc_dx_round5: site root (needs claim-level source review); openrn_ms_round5: search URL (needs a specific supporting source) | Not assigned to a selected topic collection,Not adjudicated
2,diagnosis:lithium-toxicity,Lithium toxicity,diagnosis,313,Source locator review: openrn_dx_round16: search URL (needs a specific supporting source) | Not assigned to a selected topic collection,Not adjudicated
2,diagnosis:trichomoniasis,Trichomoniasis,diagnosis,313,Source locator review: openrn_dx_round20: search URL (needs a specific supporting source) | Not assigned to a selected topic collection,Not adjudicated
2,diagnosis:acute-hemolytic-transfusion,Acute hemolytic transfusion reaction (AHTR),diagnosis,314,Source locator review: openrn_dx_round17: search URL (needs a specific supporting source) | Not assigned to a selected topic collection,Not adjudicated
2,diagnosis:eosinophilic-esophagitis,Eosinophilic esophagitis (EoE),diagnosis,314,Source locator review: openrn_dx_round14: search URL (needs a specific supporting source) | Not assigned to a selected topic collection,Not adjudicated
2,diagnosis:polycythemia-vera,Polycythemia vera (PV),diagnosis,314,Source locator review: openrn_dx_round14: search URL (needs a specific supporting source) | Not assigned to a selected topic collection,Not adjudicated
2,diagnosis:gvhd,Graft-vs-host disease (GVHD),diagnosis,315,Source locator review: openrn_ms_round7: search URL (needs a specific supporting source) | Not assigned to a selected topic collection,Not adjudicated
2,diagnosis:ohs,Obesity hypoventilation syndrome (OHS),diagnosis,315,Source locator review: openrn_dx_round14: search URL (needs a specific supporting source) | Not assigned to a selected topic collection,Not adjudicated
2,diagnosis:gastritis,Gastritis,diagnosis,317,Source locator review: openrn_dx_round20: search URL (needs a specific supporting source) | Not assigned to a selected topic collection,Not adjudicated
2,diagnosis:allergic-rhinitis,Allergic rhinitis,diagnosis,318,Source locator review: openrn_dx_round14: search URL (needs a specific supporting source) | Not assigned to a selected topic collection,Not adjudicated
2,diagnosis:upper-gi-bleed,Upper GI Bleed,diagnosis,318,Source locator review: openrn_medsurg3: search URL (needs a specific supporting source),Not adjudicated
2,diagnosis:ventricular-tachycardia,Ventricular tachycardia (VT),diagnosis,318,Source locator review: openrn_dx_round11: search URL (needs a specific supporting source),Not adjudicated
2,diagnosis:cardiogenic-shock,Cardiogenic Shock,diagnosis,319,Source locator review: openrn_cardio_dx: search URL (needs a specific supporting source),Not adjudicated
2,diagnosis:all-leukemia,Acute lymphoblastic leukemia (ALL),diagnosis,320,Source locator review: openrn_peds_round9: search URL (needs a specific supporting source) | Not assigned to a selected topic collection,Not adjudicated
2,diagnosis:esophageal-varices,Esophageal varices / variceal hemorrhage,diagnosis,320,Source locator review: openrn_ms_round6: search URL (needs a specific supporting source) | Not assigned to a selected topic collection,Not adjudicated
2,diagnosis:malignant-hyperthermia,Malignant hyperthermia (MH),diagnosis,320,Source locator review: openrn_ms_round6: search URL (needs a specific supporting source) | Not assigned to a selected topic collection,Not adjudicated
2,diagnosis:down-syndrome,Down syndrome (Trisomy 21),diagnosis,321,Source locator review: openrn_peds_round9: search URL (needs a specific supporting source) | Not assigned to a selected topic collection,Not adjudicated
2,diagnosis:placental-abruption,Placental Abruption,diagnosis,321,Source locator review: openrn_matnew: search URL (needs a specific supporting source) | Not assigned to a selected topic collection,Not adjudicated
2,diagnosis:uti,Urinary Tract Infection,diagnosis,321,Source locator review: openrn_medsurg_book: search URL (needs a specific supporting source) | Check absent sections: Pathophysiology,Not adjudicated
2,diagnosis:copd-exacerbation,COPD exacerbation (AECOPD),diagnosis,322,Source locator review: openrn_ms_round6: search URL (needs a specific supporting source) | Not assigned to a selected topic collection,Not adjudicated
2,diagnosis:ipf,Idiopathic pulmonary fibrosis (IPF),diagnosis,322,Source locator review: openrn_dx_round13: search URL (needs a specific supporting source) | Not assigned to a selected topic collection,Not adjudicated
2,diagnosis:aplastic-anemia,Aplastic anemia,diagnosis,324,Source locator review: openrn_dx_round18: search URL (needs a specific supporting source) | Not assigned to a selected topic collection,Not adjudicated
2,diagnosis:hodgkin-lymphoma,Hodgkin lymphoma,diagnosis,324,Source locator review: openrn_dx_round12: search URL (needs a specific supporting source) | Not assigned to a selected topic collection,Not adjudicated
2,diagnosis:lactose-intolerance,Lactose intolerance,diagnosis,324,Source locator review: openrn_dx_round20: search URL (needs a specific supporting source) | Not assigned to a selected topic collection,Not adjudicated
2,diagnosis:hcc,Hepatocellular carcinoma (HCC),diagnosis,325,Source locator review: openrn_dx_round12: search URL (needs a specific supporting source) | Not assigned to a selected topic collection,Not adjudicated
2,diagnosis:mesenteric-ischemia,Acute mesenteric ischemia,diagnosis,325,Source locator review: openrn_dx_round17: search URL (needs a specific supporting source) | Not assigned to a selected topic collection,Not adjudicated
2,diagnosis:psoriasis,Psoriasis,diagnosis,325,Source locator review: openrn_ms_round8: search URL (needs a specific supporting source) | Not assigned to a selected topic collection,Not adjudicated
2,diagnosis:carbon-monoxide-poisoning,Carbon monoxide poisoning,diagnosis,326,Source locator review: openrn_dx_round16: search URL (needs a specific supporting source) | Not assigned to a selected topic collection,Not adjudicated
2,diagnosis:cll-chronic-lymphocytic,Chronic lymphocytic leukemia (CLL),diagnosis,326,Source locator review: openrn_dx_round18: search URL (needs a specific supporting source) | Not assigned to a selected topic collection,Not adjudicated
2,diagnosis:influenza,Influenza,diagnosis,326,Source locator review: openrn_ms_round3: search URL (needs a specific supporting source); cdc_dx_round3: site root (needs claim-level source review) | Not assigned to a selected topic collection,Not adjudicated
2,diagnosis:prom-pprom,Premature Rupture of Membranes (PROM / PPROM),diagnosis,326,Source locator review: openrn_matnew: search URL (needs a specific supporting source) | Not assigned to a selected topic collection,Not adjudicated
2,diagnosis:status-epilepticus,Status Epilepticus,diagnosis,327,Source locator review: openrn_medsurg4: search URL (needs a specific supporting source) | Not assigned to a selected topic collection,Not adjudicated
2,diagnosis:ankylosing-spondylitis,Ankylosing spondylitis (AS),diagnosis,328,Source locator review: openrn_ms_round8: search URL (needs a specific supporting source) | Not assigned to a selected topic collection,Not adjudicated
2,diagnosis:nec,Necrotizing enterocolitis (NEC),diagnosis,328,Source locator review: openrn_dx_round13: search URL (needs a specific supporting source) | Not assigned to a selected topic collection,Not adjudicated
2,diagnosis:breast-cancer,Breast cancer,diagnosis,329,Source locator review: openrn_ms_round8: search URL (needs a specific supporting source) | Not assigned to a selected topic collection,Not adjudicated
2,diagnosis:cancer-pain-crisis,Cancer pain crisis,diagnosis,329,Source locator review: openrn_dx_round11: search URL (needs a specific supporting source) | Not assigned to a selected topic collection,Not adjudicated
2,diagnosis:pid,Pelvic inflammatory disease (PID),diagnosis,329,Source locator review: openrn_ms_round10: search URL (needs a specific supporting source) | Not assigned to a selected topic collection,Not adjudicated
2,diagnosis:primary-hyperparathyroidism,Primary hyperparathyroidism,diagnosis,329,Source locator review: openrn_dx_round13: search URL (needs a specific supporting source) | Not assigned to a selected topic collection,Not adjudicated
2,diagnosis:spina-bifida,Spina bifida (myelomeningocele),diagnosis,329,Source locator review: openrn_peds_round9: search URL (needs a specific supporting source) | Not assigned to a selected topic collection,Not adjudicated
2,diagnosis:tetralogy-of-fallot,Tetralogy of Fallot (TOF),diagnosis,329,Source locator review: openrn_peds_round9: search URL (needs a specific supporting source) | Not assigned to a selected topic collection,Not adjudicated
2,diagnosis:cellulitis-derm,Cellulitis,diagnosis,330,Source locator review: openrn_dx_round16: search URL (needs a specific supporting source) | Not assigned to a selected topic collection,Not adjudicated
2,diagnosis:epiglottitis,Epiglottitis (Supraglottitis),diagnosis,330,Source locator review: openrn_peds: search URL (needs a specific supporting source) | Not assigned to a selected topic collection,Not adjudicated
2,diagnosis:hashimoto-thyroiditis,Hashimoto thyroiditis,diagnosis,330,Source locator review: openrn_dx_round13: search URL (needs a specific supporting source) | Not assigned to a selected topic collection,Not adjudicated
2,diagnosis:overactive-bladder,Overactive bladder (OAB),diagnosis,330,Source locator review: openrn_dx_round19: search URL (needs a specific supporting source) | Not assigned to a selected topic collection,Not adjudicated
2,diagnosis:organophosphate-poisoning,Organophosphate / carbamate poisoning,diagnosis,331,Source locator review: openrn_dx_round16: search URL (needs a specific supporting source) | Not assigned to a selected topic collection,Not adjudicated
2,diagnosis:pertussis,Pertussis (Whooping Cough),diagnosis,331,Source locator review: cdc_dx_round4: site root (needs claim-level source review) | Not assigned to a selected topic collection,Not adjudicated
2,diagnosis:pneumothorax,Pneumothorax,diagnosis,331,Source locator review: openrn_medsurg3: search URL (needs a specific supporting source) | Not assigned to a selected topic collection,Not adjudicated
2,diagnosis:colorectal-cancer,Colorectal cancer (CRC),diagnosis,332,Source locator review: openrn_dx_round12: search URL (needs a specific supporting source) | Not assigned to a selected topic collection,Not adjudicated
2,diagnosis:anemia-of-chronic-disease,Anemia of chronic disease (anemia of inflammation),diagnosis,333,Source locator review: openrn_dx_round18: search URL (needs a specific supporting source) | Not assigned to a selected topic collection,Not adjudicated
2,diagnosis:aml-acute-myeloid,Acute myeloid leukemia (AML),diagnosis,334,Source locator review: openrn_dx_round18: search URL (needs a specific supporting source) | Not assigned to a selected topic collection,Not adjudicated
2,diagnosis:ards,Acute Respiratory Distress Syndrome (ARDS),diagnosis,334,Source locator review: openrn_medsurg3: search URL (needs a specific supporting source),Not adjudicated
2,diagnosis:cancer-cachexia,Cancer cachexia,diagnosis,334,Source locator review: openrn_dx_round11: search URL (needs a specific supporting source) | Not assigned to a selected topic collection,Not adjudicated
2,diagnosis:gerd,Gastroesophageal reflux disease (GERD),diagnosis,334,Source locator review: openrn_dx_round20: search URL (needs a specific supporting source) | Not assigned to a selected topic collection,Not adjudicated
2,diagnosis:multiple-myeloma,Multiple myeloma,diagnosis,334,Source locator review: openrn_dx_round12: search URL (needs a specific supporting source) | Not assigned to a selected topic collection,Not adjudicated
2,diagnosis:paroxysmal-nocturnal-hemoglobinuria,Paroxysmal nocturnal hemoglobinuria (PNH),diagnosis,334,Source locator review: openrn_dx_round18: search URL (needs a specific supporting source) | Not assigned to a selected topic collection,Not adjudicated
2,diagnosis:catatonia,Catatonia,diagnosis,335,Source locator review: openrn_dx_round14: search URL (needs a specific supporting source) | Not assigned to a selected topic collection,Not adjudicated
2,diagnosis:cellulitis,Cellulitis,diagnosis,335,Source locator review: openrn_medsurg_book: search URL (needs a specific supporting source) | Check absent sections: Pathophysiology | Not assigned to a selected topic collection,Not adjudicated
2,diagnosis:ulcerative-colitis,Ulcerative colitis (UC),diagnosis,335,Source locator review: openrn_dx_round12: search URL (needs a specific supporting source) | Not assigned to a selected topic collection,Not adjudicated
2,diagnosis:neonatal-sepsis-r13,Neonatal sepsis,diagnosis,337,Source locator review: openrn_dx_round13: search URL (needs a specific supporting source) | Not assigned to a selected topic collection,Not adjudicated
2,diagnosis:rheumatoid-arthritis,Rheumatoid Arthritis (RA),diagnosis,337,Source locator review: openrn_ms_round3: search URL (needs a specific supporting source) | Not assigned to a selected topic collection,Not adjudicated
2,diagnosis:croup,Croup (Laryngotracheobronchitis),diagnosis,338,Source locator review: openrn_peds: search URL (needs a specific supporting source),Not adjudicated
2,diagnosis:als,Amyotrophic lateral sclerosis (ALS),diagnosis,339,Source locator review: openrn_dx_round11: search URL (needs a specific supporting source) | Not assigned to a selected topic collection,Not adjudicated
2,diagnosis:aspiration-pneumonia,Aspiration Pneumonia,diagnosis,339,Source locator review: openrn_ms_round3: search URL (needs a specific supporting source) | Not assigned to a selected topic collection,Not adjudicated
2,diagnosis:bacterial-vaginosis,Bacterial vaginosis (BV),diagnosis,339,Source locator review: openrn_dx_round20: search URL (needs a specific supporting source) | Not assigned to a selected topic collection,Not adjudicated
2,diagnosis:migraine,Migraine,diagnosis,339,Source locator review: openrn_ms_round3: search URL (needs a specific supporting source) | Not assigned to a selected topic collection,Not adjudicated
2,diagnosis:meningitis,Meningitis,diagnosis,340,Source locator review: openrn_medsurg4: search URL (needs a specific supporting source); cdc_dx2: site root (needs claim-level source review) | Not assigned to a selected topic collection,Not adjudicated
2,diagnosis:pericarditis,Acute Pericarditis,diagnosis,340,Source locator review: openrn_cardio_dx: search URL (needs a specific supporting source) | Not assigned to a selected topic collection,Not adjudicated
2,diagnosis:tca-toxicity,Tricyclic antidepressant (TCA) overdose,diagnosis,341,Source locator review: openrn_dx_round16: search URL (needs a specific supporting source) | Not assigned to a selected topic collection,Not adjudicated
2,diagnosis:erectile-dysfunction,Erectile dysfunction (ED),diagnosis,342,Source locator review: openrn_dx_round19: search URL (needs a specific supporting source) | Not assigned to a selected topic collection,Not adjudicated
2,diagnosis:narcolepsy,Narcolepsy,diagnosis,342,Source locator review: openrn_dx_round14: search URL (needs a specific supporting source) | Not assigned to a selected topic collection,Not adjudicated
2,diagnosis:cervical-insufficiency,Cervical insufficiency,diagnosis,343,Source locator review: openrn_dx_round19: search URL (needs a specific supporting source) | Not assigned to a selected topic collection,Not adjudicated
2,diagnosis:inhalation-injury,Inhalation injury,diagnosis,343,Source locator review: openrn_ms_round7: search URL (needs a specific supporting source) | Not assigned to a selected topic collection,Not adjudicated
2,diagnosis:spontaneous-abortion,Spontaneous Abortion (Miscarriage),diagnosis,344,Source locator review: openrn_matnew: search URL (needs a specific supporting source) | Not assigned to a selected topic collection,Not adjudicated
2,diagnosis:subdural-hematoma,Subdural Hematoma (SDH),diagnosis,344,Source locator review: openrn_neuro: search URL (needs a specific supporting source) | Not assigned to a selected topic collection,Not adjudicated
2,diagnosis:knee-oa,Knee osteoarthritis (OA),diagnosis,345,Source locator review: openrn_dx_round19: search URL (needs a specific supporting source) | Not assigned to a selected topic collection,Not adjudicated
2,diagnosis:trali,Transfusion-related acute lung injury (TRALI),diagnosis,345,Source locator review: openrn_dx_round17: search URL (needs a specific supporting source) | Not assigned to a selected topic collection,Not adjudicated
2,diagnosis:iga-nephropathy,IgA nephropathy (Berger disease),diagnosis,346,Source locator review: openrn_dx_round19: search URL (needs a specific supporting source) | Not assigned to a selected topic collection,Not adjudicated
2,diagnosis:pcos,Polycystic ovary syndrome (PCOS),diagnosis,346,Source locator review: openrn_ms_round8: search URL (needs a specific supporting source) | Not assigned to a selected topic collection,Not adjudicated
2,diagnosis:prostate-cancer,Prostate cancer,diagnosis,346,Source locator review: openrn_dx_round12: search URL (needs a specific supporting source) | Not assigned to a selected topic collection,Not adjudicated
2,diagnosis:salicylate-toxicity,Salicylate (aspirin) toxicity,diagnosis,346,Source locator review: openrn_dx_round16: search URL (needs a specific supporting source) | Not assigned to a selected topic collection,Not adjudicated
2,diagnosis:sids,Sudden Infant Death Syndrome (SIDS),diagnosis,346,Source locator review: openrn_peds: search URL (needs a specific supporting source); cdc_peds: site root (needs claim-level source review) | Not assigned to a selected topic collection,Not adjudicated
2,diagnosis:alcohol-withdrawal,Alcohol Withdrawal Syndrome,diagnosis,347,Source locator review: openrn_medsurg4: search URL (needs a specific supporting source) | Not assigned to a selected topic collection,Not adjudicated
2,diagnosis:menopause,Menopause / vasomotor symptoms,diagnosis,347,Source locator review: openrn_ms_round8: search URL (needs a specific supporting source) | Not assigned to a selected topic collection,Not adjudicated
2,diagnosis:hepatic-encephalopathy,Hepatic Encephalopathy,diagnosis,348,Source locator review: openrn_medsurg4: search URL (needs a specific supporting source) | Not assigned to a selected topic collection,Not adjudicated
2,diagnosis:non-hodgkin-lymphoma,Non-Hodgkin lymphoma (NHL),diagnosis,348,Source locator review: openrn_dx_round18: search URL (needs a specific supporting source) | Not assigned to a selected topic collection,Not adjudicated
2,diagnosis:hypertensive-emergency,Hypertensive Emergency,diagnosis,349,Source locator review: openrn_medsurg_book: search URL (needs a specific supporting source) | Check absent sections: Pathophysiology | Not assigned to a selected topic collection,Not adjudicated
2,diagnosis:sickle-cell-crisis,Sickle Cell Vaso-occlusive Crisis,diagnosis,349,Source locator review: openrn_medsurg4: search URL (needs a specific supporting source) | Not assigned to a selected topic collection,Not adjudicated
2,diagnosis:hemorrhagic-stroke,Hemorrhagic stroke (intracerebral hemorrhage),diagnosis,350,Source locator review: openrn_dx_round13: search URL (needs a specific supporting source) | Not assigned to a selected topic collection,Not adjudicated
2,diagnosis:osteoarthritis,Osteoarthritis (OA),diagnosis,350,Source locator review: openrn_ms_round8: search URL (needs a specific supporting source) | Not assigned to a selected topic collection,Not adjudicated
2,diagnosis:spinal-stenosis,Lumbar spinal stenosis,diagnosis,350,Source locator review: openrn_dx_round19: search URL (needs a specific supporting source) | Not assigned to a selected topic collection,Not adjudicated
2,diagnosis:cholelithiasis,Cholelithiasis (gallstones),diagnosis,351,Source locator review: openrn_dx_round20: search URL (needs a specific supporting source) | Not assigned to a selected topic collection,Not adjudicated
2,diagnosis:ibs,Irritable bowel syndrome (IBS),diagnosis,351,Source locator review: openrn_dx_round20: search URL (needs a specific supporting source) | Not assigned to a selected topic collection,Not adjudicated
2,diagnosis:asthma,Asthma,diagnosis,352,Source locator review: openrn_medsurg_book: search URL (needs a specific supporting source); gina_asthma: site root (needs claim-level source review) | Not assigned to a selected topic collection,Not adjudicated
2,diagnosis:ectopic-pregnancy,Ectopic Pregnancy,diagnosis,353,Source locator review: openrn_matnew: search URL (needs a specific supporting source) | Not assigned to a selected topic collection,Not adjudicated
2,diagnosis:gonorrhea,Gonorrhea,diagnosis,353,Source locator review: openrn_ms_round10: search URL (needs a specific supporting source) | Not assigned to a selected topic collection,Not adjudicated
2,diagnosis:mis-c,Multisystem inflammatory syndrome in children (MIS-C),diagnosis,353,Source locator review: openrn_dx_round13: search URL (needs a specific supporting source); cdc_dx_round13: site root (needs claim-level source review) | Not assigned to a selected topic collection,Not adjudicated
2,diagnosis:substance-use-disorder,Substance Use Disorder (SUD),diagnosis,353,Source locator review: openrn_mh: search URL (needs a specific supporting source) | Not assigned to a selected topic collection,Not adjudicated
2,diagnosis:duchenne-md,Duchenne muscular dystrophy (DMD),diagnosis,354,Source locator review: openrn_peds_round9: search URL (needs a specific supporting source) | Not assigned to a selected topic collection,Not adjudicated
2,diagnosis:increased-icp,Increased Intracranial Pressure,diagnosis,354,Source locator review: openrn_medsurg4: search URL (needs a specific supporting source),Not adjudicated
2,diagnosis:opioid-withdrawal,Opioid withdrawal,diagnosis,354,Source locator review: openrn_dx_round14: search URL (needs a specific supporting source) | Not assigned to a selected topic collection,Not adjudicated
2,diagnosis:ccb-betablocker-overdose,Calcium channel blocker and beta-blocker overdose,diagnosis,355,Source locator review: poison_control_concept: site root (needs claim-level source review) | Not assigned to a selected topic collection,Not adjudicated
2,diagnosis:hhs,Hyperglycemic Hyperosmolar State (HHS),diagnosis,355,Source locator review: openrn_medsurg3: search URL (needs a specific supporting source) | Not assigned to a selected topic collection,Not adjudicated
2,diagnosis:mitral-regurgitation,Mitral Regurgitation (MR),diagnosis,355,Source locator review: openrn_cardio_dx: search URL (needs a specific supporting source) | Not assigned to a selected topic collection,Not adjudicated
2,diagnosis:pmdd,Premenstrual dysphoric disorder (PMDD),diagnosis,355,Source locator review: openrn_dx_round19: search URL (needs a specific supporting source) | Not assigned to a selected topic collection,Not adjudicated
2,diagnosis:failure-to-thrive,Failure to Thrive (FTT),diagnosis,356,Source locator review: openrn_peds: search URL (needs a specific supporting source) | Not assigned to a selected topic collection,Not adjudicated
2,diagnosis:postpartum-depression,Postpartum Depression (PPD),diagnosis,356,Source locator review: openrn_matnew: search URL (needs a specific supporting source) | Not assigned to a selected topic collection,Not adjudicated
2,diagnosis:anticholinergic-poisoning,Anticholinergic poisoning,diagnosis,357,Source locator review: poison_control_concept: site root (needs claim-level source review) | Not assigned to a selected topic collection,Not adjudicated
2,diagnosis:delirium,Delirium,diagnosis,357,Source locator review: openrn_medsurg4: search URL (needs a specific supporting source),Not adjudicated
2,diagnosis:cardiac-tamponade,Cardiac Tamponade,diagnosis,358,Source locator review: openrn_cardio_dx: search URL (needs a specific supporting source) | Not assigned to a selected topic collection,Not adjudicated
2,diagnosis:myasthenia-gravis,Myasthenia Gravis (MG),diagnosis,358,Source locator review: openrn_neuro: search URL (needs a specific supporting source) | Not assigned to a selected topic collection,Not adjudicated
2,diagnosis:ptsd,Post-Traumatic Stress Disorder (PTSD),diagnosis,358,Source locator review: openrn_mh: search URL (needs a specific supporting source) | Not assigned to a selected topic collection,Not adjudicated
2,diagnosis:sarcoidosis,Sarcoidosis,diagnosis,358,Source locator review: openrn_dx_round13: search URL (needs a specific supporting source) | Not assigned to a selected topic collection,Not adjudicated
2,diagnosis:gestational-diabetes,Gestational Diabetes Mellitus (GDM),diagnosis,359,Source locator review: openrn_matnew: search URL (needs a specific supporting source) | Not assigned to a selected topic collection,Not adjudicated
2,diagnosis:concussion,Concussion (Mild TBI),diagnosis,360,Source locator review: openrn_ms_round3: search URL (needs a specific supporting source); cdc_dx_round3: site root (needs claim-level source review) | Not assigned to a selected topic collection,Not adjudicated
2,diagnosis:first-episode-psychosis,First-episode psychosis (FEP),diagnosis,360,Source locator review: openrn_dx_round14: search URL (needs a specific supporting source) | Not assigned to a selected topic collection,Not adjudicated
2,diagnosis:hpv-genital-warts,HPV genital warts (condyloma acuminata),diagnosis,360,Source locator review: openrn_dx_round20: search URL (needs a specific supporting source) | Not assigned to a selected topic collection,Not adjudicated
2,diagnosis:glomerulonephritis,Acute glomerulonephritis (post-strep + others),diagnosis,361,Source locator review: openrn_dx_round19: search URL (needs a specific supporting source) | Not assigned to a selected topic collection,Not adjudicated
2,diagnosis:hyperthyroidism,Hyperthyroidism,diagnosis,361,Source locator review: openrn_medsurg_book: search URL (needs a specific supporting source) | Check absent sections: Pathophysiology | Not assigned to a selected topic collection,Not adjudicated
2,diagnosis:kawasaki-disease,Kawasaki Disease,diagnosis,363,Source locator review: openrn_peds: search URL (needs a specific supporting source); cdc_peds: site root (needs claim-level source review) | Not assigned to a selected topic collection,Not adjudicated
2,diagnosis:nafld-nash,NAFLD / NASH (now MASLD / MASH),diagnosis,363,Source locator review: openrn_dx_round12: search URL (needs a specific supporting source) | Not assigned to a selected topic collection,Not adjudicated
2,diagnosis:crohns-disease,Crohn's disease,diagnosis,364,Source locator review: openrn_dx_round12: search URL (needs a specific supporting source) | Not assigned to a selected topic collection,Not adjudicated
2,diagnosis:iron-overdose,Iron overdose,diagnosis,365,Source locator review: poison_control_concept: site root (needs claim-level source review); cdc_toxicology: site root (needs claim-level source review) | Not assigned to a selected topic collection,Not adjudicated
2,diagnosis:pancreatic-cancer,Pancreatic cancer,diagnosis,365,Source locator review: openrn_dx_round12: search URL (needs a specific supporting source) | Not assigned to a selected topic collection,Not adjudicated
2,diagnosis:pulmonary-hypertension,Pulmonary hypertension (PH),diagnosis,365,Source locator review: openrn_dx_round13: search URL (needs a specific supporting source) | Not assigned to a selected topic collection,Not adjudicated
2,diagnosis:pediatric-t1dm,Type 1 diabetes mellitus (pediatric),diagnosis,366,Source locator review: openrn_peds_round9: search URL (needs a specific supporting source) | Not assigned to a selected topic collection,Not adjudicated
2,diagnosis:aortic-stenosis,Aortic Stenosis (AS),diagnosis,367,Source locator review: openrn_cardio_dx: search URL (needs a specific supporting source) | Not assigned to a selected topic collection,Not adjudicated
2,diagnosis:group-b-strep,Group B Streptococcus (GBS) in Pregnancy,diagnosis,367,Source locator review: openrn_matnew: search URL (needs a specific supporting source) | Not assigned to a selected topic collection,Not adjudicated
2,diagnosis:huntington-disease,Huntington's disease,diagnosis,367,Source locator review: openrn_dx_round18: search URL (needs a specific supporting source) | Not assigned to a selected topic collection,Not adjudicated
2,diagnosis:acute-mania,Acute mania (bipolar I),diagnosis,368,Source locator review: openrn_dx_round14: search URL (needs a specific supporting source) | Not assigned to a selected topic collection,Not adjudicated
2,diagnosis:tia,Transient Ischemic Attack (TIA),diagnosis,368,Source locator review: openrn_neuro: search URL (needs a specific supporting source) | Not assigned to a selected topic collection,Not adjudicated
2,diagnosis:kidney-stones,Kidney stones (nephrolithiasis),diagnosis,369,Source locator review: openrn_ms_round8: search URL (needs a specific supporting source) | Not assigned to a selected topic collection,Not adjudicated
2,diagnosis:variceal-hemorrhage,Acute variceal hemorrhage,diagnosis,369,Source locator review: openrn_dx_round17: search URL (needs a specific supporting source) | Not assigned to a selected topic collection,Not adjudicated
2,diagnosis:ltbi,Latent TB infection (LTBI),diagnosis,372,Source locator review: openrn_ms_round10: search URL (needs a specific supporting source) | Not assigned to a selected topic collection,Not adjudicated
2,diagnosis:frozen-shoulder,Adhesive capsulitis (frozen shoulder),diagnosis,375,Source locator review: openrn_dx_round19: search URL (needs a specific supporting source) | Not assigned to a selected topic collection,Not adjudicated
2,diagnosis:copd,COPD,diagnosis,376,Source locator review: openrn_medsurg_book: search URL (needs a specific supporting source); gold_copd: site root (needs claim-level source review) | Not assigned to a selected topic collection,Not adjudicated
2,diagnosis:diverticulitis-acute,Acute diverticulitis,diagnosis,377,Source locator review: openrn_dx_round20: search URL (needs a specific supporting source) | Not assigned to a selected topic collection,Not adjudicated
2,diagnosis:herpes-zoster-shingles,Herpes zoster (shingles),diagnosis,377,Source locator review: openrn_dx_round16: search URL (needs a specific supporting source) | Not assigned to a selected topic collection,Not adjudicated
2,diagnosis:pericarditis-acute,Acute pericarditis,diagnosis,377,Source locator review: openrn_dx_round17: search URL (needs a specific supporting source) | Not assigned to a selected topic collection,Not adjudicated
2,diagnosis:atrial-fibrillation,Atrial Fibrillation,diagnosis,378,Source locator review: openrn_medsurg_book: search URL (needs a specific supporting source),Not adjudicated
2,diagnosis:hyponatremia,Hyponatremia,diagnosis,379,Source locator review: openrn_healthalt_finish: search URL (needs a specific supporting source) | Not assigned to a selected topic collection,Not adjudicated
2,diagnosis:osa-obstructive-sleep-apnea,Obstructive sleep apnea (OSA),diagnosis,379,Source locator review: openrn_dx_round18: search URL (needs a specific supporting source) | Not assigned to a selected topic collection,Not adjudicated
2,diagnosis:eczema-atopic,Atopic dermatitis (eczema),diagnosis,380,Source locator review: openrn_dx_round16: search URL (needs a specific supporting source) | Not assigned to a selected topic collection,Not adjudicated
2,diagnosis:compartment-syndrome,Acute Compartment Syndrome,diagnosis,381,Source locator review: openrn_medsurg4: search URL (needs a specific supporting source) | Not assigned to a selected topic collection,Not adjudicated
2,diagnosis:preterm-labor,Preterm Labor,diagnosis,381,Source locator review: openrn_matnew: search URL (needs a specific supporting source) | Not assigned to a selected topic collection,Not adjudicated
2,diagnosis:covid-19,COVID-19,diagnosis,382,Source locator review: openrn_ms_round3: search URL (needs a specific supporting source); cdc_dx_round3: site root (needs claim-level source review) | Not assigned to a selected topic collection,Not adjudicated
2,diagnosis:spinal-cord-injury,Acute spinal cord injury (SCI),diagnosis,382,Source locator review: openrn_dx_round17: search URL (needs a specific supporting source) | Not assigned to a selected topic collection,Not adjudicated
2,diagnosis:celiac-disease,Celiac disease,diagnosis,383,Source locator review: openrn_dx_round20: search URL (needs a specific supporting source) | Not assigned to a selected topic collection,Not adjudicated
2,diagnosis:genital-herpes,Genital herpes (HSV-1 / HSV-2),diagnosis,385,Source locator review: openrn_ms_round10: search URL (needs a specific supporting source) | Not assigned to a selected topic collection,Not adjudicated
2,diagnosis:hae,Hereditary angioedema (HAE),diagnosis,386,Source locator review: openrn_dx_round14: search URL (needs a specific supporting source) | Not assigned to a selected topic collection,Not adjudicated
2,diagnosis:aki,Acute Kidney Injury,diagnosis,390,Source locator review: openrn_medsurg_book: search URL (needs a specific supporting source),Not adjudicated
2,diagnosis:all-acute-lymphoblastic,Acute lymphoblastic leukemia (ALL),diagnosis,390,Source locator review: openrn_dx_round18: search URL (needs a specific supporting source) | Not assigned to a selected topic collection,Not adjudicated
2,diagnosis:anaphylaxis-acute,Anaphylaxis (acute management),diagnosis,390,Source locator review: openrn_dx_round17: search URL (needs a specific supporting source) | Not assigned to a selected topic collection,Not adjudicated
2,diagnosis:electrical-injury,Electrical injury,diagnosis,390,Source locator review: openrn_dx_round17: search URL (needs a specific supporting source) | Not assigned to a selected topic collection,Not adjudicated
2,diagnosis:lung-cancer,Lung cancer,diagnosis,390,Source locator review: openrn_dx_round11: search URL (needs a specific supporting source) | Not assigned to a selected topic collection,Not adjudicated
2,diagnosis:osa,Obstructive Sleep Apnea (OSA),diagnosis,390,Source locator review: openrn_ms_round3: search URL (needs a specific supporting source) | Not assigned to a selected topic collection,Not adjudicated
2,diagnosis:hepatitis-c,Hepatitis C,diagnosis,391,Source locator review: openrn_ms_round3: search URL (needs a specific supporting source); cdc_dx_round3: site root (needs claim-level source review) | Not assigned to a selected topic collection,Not adjudicated
2,diagnosis:parkinsons-disease,Parkinson's disease,diagnosis,391,Source locator review: openrn_dx_round18: search URL (needs a specific supporting source) | Not assigned to a selected topic collection,Not adjudicated
2,diagnosis:dvt,Deep Vein Thrombosis,diagnosis,392,Source locator review: openrn_medsurg_finish: search URL (needs a specific supporting source) | Not assigned to a selected topic collection,Not adjudicated
2,diagnosis:premature-rupture-of-membranes,Premature rupture of membranes (PROM / PPROM),diagnosis,392,Source locator review: openrn_dx_round19: search URL (needs a specific supporting source) | Not assigned to a selected topic collection,Not adjudicated
2,diagnosis:retained-surgical-item,Retained surgical item (RSI),diagnosis,393,Source locator review: specialty_dx_round34: site root (needs claim-level source review) | Not assigned to a selected topic collection,Not adjudicated
2,diagnosis:lyme-disease,Lyme Disease,diagnosis,395,Source locator review: cdc_dx_round4: site root (needs claim-level source review) | Not assigned to a selected topic collection,Not adjudicated
2,diagnosis:tumor-lysis-syndrome,Tumor Lysis Syndrome (TLS),diagnosis,395,Source locator review: openrn_ms_round3: search URL (needs a specific supporting source) | Not assigned to a selected topic collection,Not adjudicated
2,diagnosis:alcohol-use-disorder,Alcohol use disorder (AUD),diagnosis,397,Source locator review: openrn_dx_round20: search URL (needs a specific supporting source) | Not assigned to a selected topic collection,Not adjudicated
2,diagnosis:hyperkalemia,Hyperkalemia,diagnosis,397,Source locator review: openrn_healthalt_finish: search URL (needs a specific supporting source) | Not assigned to a selected topic collection,Not adjudicated
2,diagnosis:acute-pancreatitis,Acute Pancreatitis,diagnosis,398,Source locator review: openrn_medsurg_book: search URL (needs a specific supporting source),Not adjudicated
2,diagnosis:parkinson-disease,Parkinson Disease (PD),diagnosis,398,Source locator review: openrn_neuro: search URL (needs a specific supporting source) | Not assigned to a selected topic collection,Not adjudicated
2,diagnosis:transfusion-reaction,Transfusion Reactions,diagnosis,398,Source locator review: openrn_medsurg3: search URL (needs a specific supporting source) | Not assigned to a selected topic collection,Not adjudicated
2,diagnosis:adpkd,Autosomal dominant polycystic kidney disease (ADPKD),diagnosis,399,Source locator review: openrn_dx_round19: search URL (needs a specific supporting source) | Not assigned to a selected topic collection,Not adjudicated
2,diagnosis:iron-deficiency-anemia,Iron Deficiency Anemia,diagnosis,399,Source locator review: openrn_ms_round3: search URL (needs a specific supporting source),Not adjudicated
2,diagnosis:syphilis,Syphilis,diagnosis,399,Source locator review: openrn_ms_round10: search URL (needs a specific supporting source) | Not assigned to a selected topic collection,Not adjudicated
2,diagnosis:salicylate-overdose,Salicylate (aspirin) overdose,diagnosis,400,Source locator review: poison_control_concept: site root (needs claim-level source review) | Not assigned to a selected topic collection,Not adjudicated
2,diagnosis:wrong-site-surgery,Wrong-site / wrong-procedure / wrong-patient surgery,diagnosis,400,Source locator review: specialty_dx_round34: site root (needs claim-level source review) | Not assigned to a selected topic collection,Not adjudicated
2,diagnosis:aortic-dissection,Aortic Dissection,diagnosis,401,Source locator review: openrn_cardio_dx: search URL (needs a specific supporting source) | Not assigned to a selected topic collection,Not adjudicated
2,diagnosis:latex-allergy,Latex allergy + sensitization,diagnosis,401,Source locator review: specialty_dx_round34: site root (needs claim-level source review) | Not assigned to a selected topic collection,Not adjudicated
2,diagnosis:shingles,Shingles (Herpes Zoster),diagnosis,401,Source locator review: cdc_dx_round4: site root (needs claim-level source review) | Not assigned to a selected topic collection,Not adjudicated
2,diagnosis:necrotizing-fasciitis,Necrotizing Fasciitis,diagnosis,402,Source locator review: openrn_ms_round3: search URL (needs a specific supporting source) | Not assigned to a selected topic collection,Not adjudicated
2,diagnosis:toxic-alcohol-poisoning,Toxic alcohol poisoning (ethylene glycol and methanol),diagnosis,402,Source locator review: poison_control_concept: site root (needs claim-level source review); cdc_toxicology: site root (needs claim-level source review) | Not assigned to a selected topic collection,Not adjudicated
2,diagnosis:guillain-barre,Guillain-Barré Syndrome (GBS),diagnosis,403,Source locator review: openrn_neuro: search URL (needs a specific supporting source) | Not assigned to a selected topic collection,Not adjudicated
2,diagnosis:peptic-ulcer,Peptic ulcer disease (PUD),diagnosis,404,Source locator review: openrn_dx_round20: search URL (needs a specific supporting source) | Not assigned to a selected topic collection,Not adjudicated
2,diagnosis:postpartum-hemorrhage,Postpartum Hemorrhage (PPH),diagnosis,404,Source locator review: openrn_matnew: search URL (needs a specific supporting source) | Not assigned to a selected topic collection,Not adjudicated
2,diagnosis:severe-tbi,Severe traumatic brain injury (TBI),diagnosis,404,Source locator review: openrn_dx_round13: search URL (needs a specific supporting source),Not adjudicated
2,diagnosis:graves-disease,Graves disease,diagnosis,405,Source locator review: openrn_dx_round13: search URL (needs a specific supporting source) | Not assigned to a selected topic collection,Not adjudicated
2,diagnosis:tb-active,Active tuberculosis (pulmonary),diagnosis,405,Source locator review: openrn_dx_round16: search URL (needs a specific supporting source) | Not assigned to a selected topic collection,Not adjudicated
2,diagnosis:apap-toxicity,Acetaminophen (APAP) overdose,diagnosis,407,Source locator review: openrn_dx_round16: search URL (needs a specific supporting source) | Not assigned to a selected topic collection,Not adjudicated
2,diagnosis:cauti,Catheter-associated urinary tract infection (CAUTI),diagnosis,407,Source locator review: specialty_dx_round34: site root (needs claim-level source review) | Not assigned to a selected topic collection,Not adjudicated
2,diagnosis:neutropenic-fever,Neutropenic Fever (Febrile Neutropenia),diagnosis,409,Source locator review: openrn_ms_round3: search URL (needs a specific supporting source) | Not assigned to a selected topic collection,Not adjudicated
2,diagnosis:preeclampsia,Preeclampsia,diagnosis,412,Source locator review: openrn_matnew: search URL (needs a specific supporting source) | Not assigned to a selected topic collection,Not adjudicated
2,diagnosis:renal-calculi,Renal Calculi (Kidney Stones),diagnosis,412,Source locator review: openrn_ms_round3: search URL (needs a specific supporting source) | Not assigned to a selected topic collection,Not adjudicated
2,diagnosis:diabetic-nephropathy,Diabetic kidney disease (DKD),diagnosis,413,Source locator review: openrn_dx_round19: search URL (needs a specific supporting source) | Not assigned to a selected topic collection,Not adjudicated
2,diagnosis:subarachnoid-hemorrhage,Subarachnoid Hemorrhage (SAH),diagnosis,413,Source locator review: openrn_neuro: search URL (needs a specific supporting source) | Not assigned to a selected topic collection,Not adjudicated
2,diagnosis:tuberculosis,Active Tuberculosis (TB),diagnosis,413,Source locator review: openrn_medsurg4: search URL (needs a specific supporting source); cdc_dx2: site root (needs claim-level source review) | Not assigned to a selected topic collection,Not adjudicated
2,diagnosis:hit,Heparin-Induced Thrombocytopenia (HIT),diagnosis,415,Source locator review: openrn_ms_round3: search URL (needs a specific supporting source),Not adjudicated
2,diagnosis:multiple-sclerosis,Multiple Sclerosis (MS),diagnosis,415,Source locator review: openrn_neuro: search URL (needs a specific supporting source) | Not assigned to a selected topic collection,Not adjudicated
2,diagnosis:anorexia-nervosa,Anorexia Nervosa,diagnosis,416,Source locator review: openrn_mh: search URL (needs a specific supporting source) | Not assigned to a selected topic collection,Not adjudicated
2,diagnosis:medication-overuse-headache,Medication-overuse headache (MOH),diagnosis,417,Source locator review: cdc_dx_round31: site root (needs claim-level source review) | Not assigned to a selected topic collection,Not adjudicated
2,diagnosis:viral-gastroenteritis,Acute Viral Gastroenteritis,diagnosis,417,Source locator review: cdc_dx_round4: site root (needs claim-level source review) | Not assigned to a selected topic collection,Not adjudicated
2,diagnosis:pediatric-meningitis,Pediatric bacterial meningitis,diagnosis,418,Source locator review: openrn_dx_round18: search URL (needs a specific supporting source) | Not assigned to a selected topic collection,Not adjudicated
2,diagnosis:ckd,Chronic Kidney Disease,diagnosis,420,Source locator review: openrn_medsurg_book: search URL (needs a specific supporting source) | Not assigned to a selected topic collection,Not adjudicated
2,diagnosis:diabetic-foot-infection,Diabetic foot infection,diagnosis,420,Source locator review: openrn_dx_round17: search URL (needs a specific supporting source) | Not assigned to a selected topic collection,Not adjudicated
2,diagnosis:extravasation-vesicant,Vesicant chemotherapy extravasation,diagnosis,420,Source locator review: specialty_dx_round34: site root (needs claim-level source review) | Not assigned to a selected topic collection,Not adjudicated
2,diagnosis:als-amyotrophic,Amyotrophic lateral sclerosis (ALS),diagnosis,422,Source locator review: openrn_dx_round18: search URL (needs a specific supporting source) | Not assigned to a selected topic collection,Not adjudicated
2,diagnosis:bronchiolitis,Bronchiolitis,diagnosis,423,Source locator review: openrn_peds: search URL (needs a specific supporting source); cdc_peds: site root (needs claim-level source review) | Not assigned to a selected topic collection,Not adjudicated
2,diagnosis:ischemic-stroke,Ischemic stroke,diagnosis,423,Source locator review: openrn_dx_round13: search URL (needs a specific supporting source) | Not assigned to a selected topic collection,Not adjudicated
2,diagnosis:cirrhosis,Cirrhosis,diagnosis,424,Source locator review: openrn_medsurg_book: search URL (needs a specific supporting source),Not adjudicated
2,diagnosis:pediatric-dka,Pediatric diabetic ketoacidosis (DKA),diagnosis,424,Source locator review: openrn_dx_round18: search URL (needs a specific supporting source) | Not assigned to a selected topic collection,Not adjudicated
2,diagnosis:cystic-fibrosis,Cystic Fibrosis (CF),diagnosis,429,Source locator review: openrn_peds: search URL (needs a specific supporting source) | Not assigned to a selected topic collection,Not adjudicated
2,diagnosis:air-embolism-iatrogenic,Iatrogenic air embolism,diagnosis,432,Source locator review: specialty_dx_round34: site root (needs claim-level source review) | Not assigned to a selected topic collection,Not adjudicated
2,diagnosis:pediatric-dehydration,Pediatric Dehydration,diagnosis,435,Source locator review: openrn_peds: search URL (needs a specific supporting source); pals_concept: site root (needs claim-level source review) | Not assigned to a selected topic collection,Not adjudicated
2,diagnosis:contrast-media-anaphylaxis,Iodinated contrast media anaphylactoid + anaphylactic reaction,diagnosis,437,Source locator review: specialty_dx_round34: site root (needs claim-level source review) | Not assigned to a selected topic collection,Not adjudicated
2,diagnosis:hypoglycemia,Hypoglycemia,diagnosis,437,Source locator review: openrn_healthalt_finish: search URL (needs a specific supporting source) | Not assigned to a selected topic collection,Not adjudicated
2,diagnosis:ssi-surgical-site-infection,Surgical site infection (SSI),diagnosis,438,Source locator review: specialty_dx_round34: site root (needs claim-level source review) | Not assigned to a selected topic collection,Not adjudicated
2,diagnosis:digoxin-toxicity,Digoxin toxicity,diagnosis,439,Source locator review: poison_control_concept: site root (needs claim-level source review) | Not assigned to a selected topic collection,Not adjudicated
2,diagnosis:pad,Peripheral arterial disease (PAD),diagnosis,439,Source locator review: openrn_dx_round13: search URL (needs a specific supporting source) | Not assigned to a selected topic collection,Not adjudicated
2,diagnosis:postmenopausal-osteoporosis,Postmenopausal osteoporosis,diagnosis,439,Source locator review: openrn_dx_round19: search URL (needs a specific supporting source) | Not assigned to a selected topic collection,Not adjudicated
2,diagnosis:patient-fall-injury,Patient fall with injury,diagnosis,441,Source locator review: specialty_dx_round34: site root (needs claim-level source review) | Not assigned to a selected topic collection,Not adjudicated
2,diagnosis:tobacco-use-disorder,Tobacco use disorder,diagnosis,442,Source locator review: openrn_dx_round20: search URL (needs a specific supporting source) | Not assigned to a selected topic collection,Not adjudicated
2,diagnosis:pediatric-sepsis,Pediatric sepsis + septic shock,diagnosis,443,Source locator review: openrn_dx_round18: search URL (needs a specific supporting source) | Not assigned to a selected topic collection,Not adjudicated
2,diagnosis:hiv-aids,HIV / AIDS,diagnosis,445,Source locator review: openrn_ms_round3: search URL (needs a specific supporting source); cdc_dx_round3: site root (needs claim-level source review) | Not assigned to a selected topic collection,Not adjudicated
2,diagnosis:suicide-risk,Suicide Risk Assessment & Intervention,diagnosis,445,Source locator review: openrn_mh: search URL (needs a specific supporting source); cssrs_concept: site root (needs claim-level source review) | Not assigned to a selected topic collection,Not adjudicated
2,diagnosis:low-back-pain,Low back pain (acute + chronic),diagnosis,446,Source locator review: openrn_dx_round19: search URL (needs a specific supporting source) | Not assigned to a selected topic collection,Not adjudicated
2,diagnosis:major-depression,Major Depressive Disorder (MDD),diagnosis,447,Source locator review: openrn_mh: search URL (needs a specific supporting source); cssrs_concept: site root (needs claim-level source review) | Not assigned to a selected topic collection,Not adjudicated
2,diagnosis:thermal-burn,Thermal burn injury,diagnosis,450,Source locator review: openrn_ms_round7: search URL (needs a specific supporting source) | Not assigned to a selected topic collection,Not adjudicated
2,diagnosis:burns,Burns,diagnosis,451,Source locator review: openrn_medsurg4: search URL (needs a specific supporting source) | Not assigned to a selected topic collection,Not adjudicated
2,diagnosis:schizophrenia,Schizophrenia,diagnosis,451,Source locator review: openrn_mh: search URL (needs a specific supporting source) | Not assigned to a selected topic collection,Not adjudicated
2,diagnosis:toxidrome-recognition,Toxidrome recognition,diagnosis,452,Source locator review: poison_control_concept: site root (needs claim-level source review) | Not assigned to a selected topic collection,Not adjudicated
2,diagnosis:medication-error-harm-event,Medication error with patient harm,diagnosis,454,Source locator review: specialty_dx_round34: site root (needs claim-level source review) | Not assigned to a selected topic collection,Not adjudicated
2,diagnosis:opioid-use-disorder,Opioid Use Disorder (OUD),diagnosis,459,Source locator review: openrn_mh: search URL (needs a specific supporting source) | Not assigned to a selected topic collection,Not adjudicated
2,diagnosis:clabsi,Central line-associated bloodstream infection (CLABSI),diagnosis,460,Source locator review: specialty_dx_round34: site root (needs claim-level source review) | Not assigned to a selected topic collection,Not adjudicated
2,diagnosis:bipolar-disorder,Bipolar Disorder,diagnosis,467,Source locator review: openrn_mh: search URL (needs a specific supporting source) | Not assigned to a selected topic collection,Not adjudicated
2,diagnosis:last-toxicity,Local anesthetic systemic toxicity (LAST),diagnosis,471,Source locator review: specialty_dx_round34: site root (needs claim-level source review) | Not assigned to a selected topic collection,Not adjudicated
2,diagnosis:pediatric-fever-workup,Pediatric Fever and Sepsis Recognition,diagnosis,472,Source locator review: openrn_peds: search URL (needs a specific supporting source); pals_concept: site root (needs claim-level source review) | Not assigned to a selected topic collection,Not adjudicated
2,diagnosis:major-burn,Major burn injury,diagnosis,477,Source locator review: openrn_dx_round17: search URL (needs a specific supporting source) | Not assigned to a selected topic collection,Not adjudicated
2,diagnosis:acetaminophen-overdose,Acetaminophen overdose,diagnosis,484,Source locator review: poison_control_concept: site root (needs claim-level source review) | Not assigned to a selected topic collection,Not adjudicated
2,diagnosis:endocarditis,Infective Endocarditis (IE),diagnosis,486,Source locator review: openrn_cardio_dx: search URL (needs a specific supporting source) | Not assigned to a selected topic collection,Not adjudicated
2,diagnosis:needlestick-bloodborne-exposure,Occupational needlestick + bloodborne pathogen exposure,diagnosis,487,Source locator review: specialty_dx_round34: site root (needs claim-level source review) | Not assigned to a selected topic collection,Not adjudicated
2,diagnosis:alzheimer-dementia,Alzheimer Disease and Dementia,diagnosis,497,Source locator review: openrn_neuro: search URL (needs a specific supporting source) | Not assigned to a selected topic collection,Not adjudicated
2,diagnosis:pressure-injury,Pressure Injury,diagnosis,504,Source locator review: openrn_medsurg_finish: search URL (needs a specific supporting source),Not adjudicated
2,diagnosis:malrotation-volvulus,Malrotation with midgut volvulus,diagnosis,510,Source locator review: cdc_peds_r38a: site root (needs claim-level source review); specialty_peds_r38a: site root (needs claim-level source review) | Not assigned to a selected topic collection,Not adjudicated
2,diagnosis:essential-tremor,Essential tremor (ET),diagnosis,514,Source locator review: cdc_dx_round31: site root (needs claim-level source review) | Not assigned to a selected topic collection,Not adjudicated
2,diagnosis:cluster-headache,Cluster headache,diagnosis,517,Source locator review: cdc_dx_round31: site root (needs claim-level source review) | Not assigned to a selected topic collection,Not adjudicated
2,diagnosis:cervical-dystonia,Cervical dystonia (spasmodic torticollis),diagnosis,520,Source locator review: cdc_dx_round31: site root (needs claim-level source review) | Not assigned to a selected topic collection,Not adjudicated
2,diagnosis:congenital-hypothyroidism,Congenital hypothyroidism,diagnosis,526,Source locator review: cdc_peds_r38a: site root (needs claim-level source review); specialty_peds_r38a: site root (needs claim-level source review) | Not assigned to a selected topic collection,Not adjudicated
2,diagnosis:tracheoesophageal-fistula,Tracheoesophageal fistula (TEF) + esophageal atresia (EA),diagnosis,537,Source locator review: cdc_peds_r38a: site root (needs claim-level source review); specialty_peds_r38a: site root (needs claim-level source review) | Not assigned to a selected topic collection,Not adjudicated
2,diagnosis:biliary-atresia,Biliary atresia,diagnosis,542,Source locator review: cdc_peds_r38a: site root (needs claim-level source review); specialty_peds_r38a: site root (needs claim-level source review) | Not assigned to a selected topic collection,Not adjudicated
2,diagnosis:elder-abuse-neglect,Elder abuse + neglect,diagnosis,569,Source locator review: specialty_dx_round35: site root (needs claim-level source review) | Not assigned to a selected topic collection,Not adjudicated
2,diagnosis:restless-legs-syndrome,Restless legs syndrome (RLS / Willis-Ekbom disease),diagnosis,573,Source locator review: cdc_dx_round31: site root (needs claim-level source review) | Not assigned to a selected topic collection,Not adjudicated
2,diagnosis:brue,BRUE (Brief Resolved Unexplained Event),diagnosis,575,Source locator review: cdc_peds_r38a: site root (needs claim-level source review); specialty_peds_r38a: site root (needs claim-level source review) | Not assigned to a selected topic collection,Not adjudicated
2,diagnosis:factitious-disorder-imposed-on-another,Factitious disorder imposed on another (FDIA) / Munchausen by proxy,diagnosis,587,Source locator review: specialty_dx_round35: site root (needs claim-level source review) | Not assigned to a selected topic collection,Not adjudicated
2,diagnosis:cervical-spondylotic-myelopathy,Cervical spondylotic myelopathy (CSM),diagnosis,603,Source locator review: cdc_dx_round31: site root (needs claim-level source review) | Not assigned to a selected topic collection,Not adjudicated
2,diagnosis:abusive-head-trauma,Abusive head trauma (AHT) / shaken baby syndrome,diagnosis,609,Source locator review: specialty_dx_round35: site root (needs claim-level source review) | Not assigned to a selected topic collection,Not adjudicated
2,diagnosis:human-trafficking-victim,Human trafficking — victim recognition + response,diagnosis,610,Source locator review: specialty_dx_round35: site root (needs claim-level source review) | Not assigned to a selected topic collection,Not adjudicated
2,diagnosis:autonomic-dysreflexia,Autonomic dysreflexia (AD),diagnosis,625,Source locator review: cdc_dx_round31: site root (needs claim-level source review) | Not assigned to a selected topic collection,Not adjudicated
2,diagnosis:acute-disseminated-encephalomyelitis,Acute disseminated encephalomyelitis (ADEM),diagnosis,626,Source locator review: cdc_dx_round31: site root (needs claim-level source review) | Not assigned to a selected topic collection,Not adjudicated
2,diagnosis:hsv-encephalitis,Herpes simplex virus (HSV) encephalitis,diagnosis,634,Source locator review: cdc_dx_round31: site root (needs claim-level source review) | Not assigned to a selected topic collection,Not adjudicated
2,diagnosis:anti-nmda-encephalitis,Anti-NMDA-receptor encephalitis,diagnosis,635,Source locator review: cdc_dx_round31: site root (needs claim-level source review) | Not assigned to a selected topic collection,Not adjudicated
2,diagnosis:pediatric-fuo,Pediatric fever of unknown origin (FUO),diagnosis,641,Source locator review: cdc_peds_r38b: site root (needs claim-level source review); specialty_peds_r38b: site root (needs claim-level source review) | Not assigned to a selected topic collection,Not adjudicated
2,diagnosis:intimate-partner-violence,Intimate partner violence (IPV),diagnosis,643,Source locator review: specialty_dx_round35: site root (needs claim-level source review) | Not assigned to a selected topic collection,Not adjudicated
2,diagnosis:pediatric-uti,Pediatric UTI,diagnosis,643,Source locator review: cdc_peds_r38b: site root (needs claim-level source review); specialty_peds_r38b: site root (needs claim-level source review) | Not assigned to a selected topic collection,Not adjudicated
2,diagnosis:brain-abscess,Brain abscess,diagnosis,657,Source locator review: cdc_dx_round31: site root (needs claim-level source review) | Not assigned to a selected topic collection,Not adjudicated
2,diagnosis:pediatric-appendicitis,Pediatric appendicitis,diagnosis,658,Source locator review: cdc_peds_r38a: site root (needs claim-level source review); specialty_peds_r38a: site root (needs claim-level source review) | Not assigned to a selected topic collection,Not adjudicated
2,diagnosis:child-abuse-physical,Child physical abuse,diagnosis,665,Source locator review: specialty_dx_round35: site root (needs claim-level source review) | Not assigned to a selected topic collection,Not adjudicated
2,diagnosis:ir-thyroiditis-immunotherapy,Immune-related thyroiditis (ir-thyroiditis),diagnosis,667,Source locator review: cdc_dx_round33: site root (needs claim-level source review) | Not assigned to a selected topic collection,Not adjudicated
2,diagnosis:pediatric-itp,Pediatric immune thrombocytopenia (ITP),diagnosis,678,Source locator review: cdc_peds_r38b: site root (needs claim-level source review); specialty_peds_r38b: site root (needs claim-level source review) | Not assigned to a selected topic collection,Not adjudicated
2,diagnosis:foreign-body-aspiration,Pediatric foreign body aspiration,diagnosis,689,Source locator review: cdc_peds_r38b: site root (needs claim-level source review); specialty_peds_r38b: site root (needs claim-level source review) | Not assigned to a selected topic collection,Not adjudicated
2,diagnosis:pediatric-pharyngitis,Pediatric pharyngitis (strep),diagnosis,692,Source locator review: cdc_peds_r38b: site root (needs claim-level source review); specialty_peds_r38b: site root (needs claim-level source review) | Not assigned to a selected topic collection,Not adjudicated
2,diagnosis:pediatric-fever-without-source,Pediatric fever without source (FWS),diagnosis,717,Source locator review: cdc_peds_r38a: site root (needs claim-level source review); specialty_peds_r38a: site root (needs claim-level source review) | Not assigned to a selected topic collection,Not adjudicated
2,diagnosis:her2-positive-breast-cancer,HER2-positive breast cancer,diagnosis,720,Source locator review: cdc_dx_round33: site root (needs claim-level source review) | Not assigned to a selected topic collection,Not adjudicated
2,diagnosis:dcis,Ductal carcinoma in situ (DCIS),diagnosis,722,Source locator review: cdc_dx_round33: site root (needs claim-level source review) | Not assigned to a selected topic collection,Not adjudicated
2,diagnosis:ir-hepatitis-immunotherapy,Immune-related hepatitis (ir-hepatitis),diagnosis,727,Source locator review: cdc_dx_round33: site root (needs claim-level source review) | Not assigned to a selected topic collection,Not adjudicated
2,diagnosis:pediatric-asthma-exacerbation,Pediatric asthma exacerbation,diagnosis,733,Source locator review: cdc_peds_r38b: site root (needs claim-level source review); specialty_peds_r38b: site root (needs claim-level source review) | Not assigned to a selected topic collection,Not adjudicated
2,diagnosis:ir-colitis-immunotherapy,Immune-related colitis (ir-colitis),diagnosis,740,Source locator review: cdc_dx_round33: site root (needs claim-level source review) | Not assigned to a selected topic collection,Not adjudicated
2,diagnosis:triple-negative-breast-cancer,Triple-negative breast cancer (TNBC),diagnosis,757,Source locator review: cdc_dx_round33: site root (needs claim-level source review) | Not assigned to a selected topic collection,Not adjudicated
2,diagnosis:sclc,Small cell lung cancer (SCLC),diagnosis,761,Source locator review: cdc_dx_round33: site root (needs claim-level source review) | Not assigned to a selected topic collection,Not adjudicated
2,diagnosis:ir-pneumonitis-immunotherapy,Immune-related pneumonitis (ir-pneumonitis),diagnosis,765,Source locator review: cdc_dx_round33: site root (needs claim-level source review) | Not assigned to a selected topic collection,Not adjudicated
2,diagnosis:metastatic-colorectal-cancer,Metastatic colorectal cancer (mCRC),diagnosis,777,Source locator review: cdc_dx_round33: site root (needs claim-level source review) | Not assigned to a selected topic collection,Not adjudicated
2,diagnosis:febrile-neutropenia,Febrile neutropenia,diagnosis,843,Source locator review: cdc_dx_round33: site root (needs claim-level source review) | Not assigned to a selected topic collection,Not adjudicated
2,diagnosis:castration-resistant-prostate-cancer,Castration-resistant prostate cancer (CRPC),diagnosis,860,Source locator review: cdc_dx_round33: site root (needs claim-level source review) | Not assigned to a selected topic collection,Not adjudicated
2,diagnosis:hr-positive-her2-negative-breast-cancer,Hormone receptor-positive HER2-negative breast cancer,diagnosis,868,Source locator review: cdc_dx_round33: site root (needs claim-level source review) | Not assigned to a selected topic collection,Not adjudicated
2,diagnosis:nsclc,Non-small cell lung cancer (NSCLC),diagnosis,888,Source locator review: cdc_dx_round33: site root (needs claim-level source review) | Not assigned to a selected topic collection,Not adjudicated
2,drip:diltiazem-drip,Diltiazem drip,drip,252,5 blocks without attached citation IDs | Check absent sections: Patient teaching,Not adjudicated
2,drip:octreotide-drip,Octreotide (continuous infusion),drip,259,Source locator review: openrn_pharm_drips2: search URL (needs a specific supporting source) | 4 blocks without attached citation IDs,Not adjudicated
2,drip:labetalol-drip,Labetalol drip,drip,368,Source locator review: openrn_pharm_drips: search URL (needs a specific supporting source) | 4 blocks without attached citation IDs | Not assigned to a selected topic collection,Not adjudicated
2,drip:furosemide-drip,Furosemide (continuous infusion),drip,406,4 blocks without attached citation IDs | Not assigned to a selected topic collection,Not adjudicated
2,drip:tranexamic-acid-drip,Tranexamic acid (IV infusion),drip,450,4 blocks without attached citation IDs | Not assigned to a selected topic collection,Not adjudicated
2,drip:clevidipine-drip,Clevidipine (continuous infusion),drip,460,4 blocks without attached citation IDs | Not assigned to a selected topic collection,Not adjudicated
2,drug:micafungin,Micafungin,drug,134,Source locator review: openrn_pharm_round6: search URL (needs a specific supporting source) | 4 blocks without attached citation IDs | Short entry: review usefulness; do not pad to a word target | Not assigned to a selected topic collection,Not adjudicated
2,drug:docusate-sodium,Docusate Sodium,drug,197,Source locator review: openrn_pharm_gi: search URL (needs a specific supporting source) | 4 blocks without attached citation IDs | Not assigned to a selected topic collection,Not adjudicated
2,drug:ertapenem,Ertapenem,drug,200,Source locator review: openrn_pharm_round6: search URL (needs a specific supporting source) | 4 blocks without attached citation IDs | Not assigned to a selected topic collection,Not adjudicated
2,drug:hydrochlorothiazide,Hydrochlorothiazide,drug,206,4 blocks without attached citation IDs | Not assigned to a selected topic collection,Not adjudicated
2,drug:basiliximab,Basiliximab,drug,214,Source locator review: openrn_pharm_round7: search URL (needs a specific supporting source) | 4 blocks without attached citation IDs | Not assigned to a selected topic collection,Not adjudicated
2,drug:cephalexin,Cephalexin,drug,215,Source locator review: openrn_pharm_round3a: search URL (needs a specific supporting source) | 4 blocks without attached citation IDs | Not assigned to a selected topic collection,Not adjudicated
2,drug:cefuroxime,Cefuroxime,drug,218,Source locator review: openrn_pharm_round6: search URL (needs a specific supporting source) | 4 blocks without attached citation IDs | Not assigned to a selected topic collection,Not adjudicated
2,drug:diphenhydramine,Diphenhydramine,drug,223,4 blocks without attached citation IDs | Not assigned to a selected topic collection,Not adjudicated
2,drug:suvorexant,Suvorexant,drug,225,Source locator review: openrn_pharm_round14: search URL (needs a specific supporting source) | 4 blocks without attached citation IDs | Not assigned to a selected topic collection,Not adjudicated
2,drug:brimonidine-ophthalmic,Brimonidine (ophthalmic),drug,226,Source locator review: openrn_pharm_round7: search URL (needs a specific supporting source) | 4 blocks without attached citation IDs | Not assigned to a selected topic collection,Not adjudicated
2,drug:tigecycline,Tigecycline,drug,226,Source locator review: openrn_pharm_round6: search URL (needs a specific supporting source) | 4 blocks without attached citation IDs | Not assigned to a selected topic collection,Not adjudicated
2,drug:amlodipine,Amlodipine,drug,227,4 blocks without attached citation IDs | Not assigned to a selected topic collection,Not adjudicated
2,drug:clopidogrel,Clopidogrel,drug,227,4 blocks without attached citation IDs | Not assigned to a selected topic collection,Not adjudicated
2,drug:daptomycin,Daptomycin,drug,231,Source locator review: openrn_pharm_round6: search URL (needs a specific supporting source) | 4 blocks without attached citation IDs | Not assigned to a selected topic collection,Not adjudicated
2,drug:etanercept,Etanercept,drug,231,Source locator review: openrn_pharm_round8: search URL (needs a specific supporting source) | 4 blocks without attached citation IDs | Not assigned to a selected topic collection,Not adjudicated
2,drug:ipratropium,Ipratropium,drug,233,Source locator review: openrn_pharm_resp: search URL (needs a specific supporting source) | 4 blocks without attached citation IDs | Not assigned to a selected topic collection,Not adjudicated
2,drug:atorvastatin,Atorvastatin,drug,234,4 blocks without attached citation IDs | Not assigned to a selected topic collection,Not adjudicated
2,drug:meropenem,Meropenem,drug,234,Source locator review: openrn_pharm_round6: search URL (needs a specific supporting source) | 4 blocks without attached citation IDs | Not assigned to a selected topic collection,Not adjudicated
2,drug:hyoscyamine,Hyoscyamine,drug,242,Source locator review: openrn_pharm_round11: search URL (needs a specific supporting source) | 4 blocks without attached citation IDs | Not assigned to a selected topic collection,Not adjudicated
2,drug:famotidine,Famotidine,drug,244,Source locator review: openrn_pharmacology_book_2: search URL (needs a specific supporting source) | 4 blocks without attached citation IDs | Not assigned to a selected topic collection,Not adjudicated
2,drug:aztreonam,Aztreonam,drug,246,Source locator review: openrn_pharm_round6: search URL (needs a specific supporting source) | 4 blocks without attached citation IDs | Not assigned to a selected topic collection,Not adjudicated
2,drug:carboprost,Carboprost (15-methyl PGF2α),drug,246,Source locator review: openrn_pharm_round9: search URL (needs a specific supporting source) | 4 blocks without attached citation IDs | Not assigned to a selected topic collection,Not adjudicated
2,drug:tiotropium,Tiotropium,drug,247,Source locator review: openrn_pharm_round3a: search URL (needs a specific supporting source) | 4 blocks without attached citation IDs | Not assigned to a selected topic collection,Not adjudicated
2,drug:caspofungin,Caspofungin,drug,251,Source locator review: openrn_pharm_round17: search URL (needs a specific supporting source) | 4 blocks without attached citation IDs | Not assigned to a selected topic collection,Not adjudicated
2,drug:cefepime,Cefepime,drug,251,4 blocks without attached citation IDs | Not assigned to a selected topic collection,Not adjudicated
2,drug:cefazolin,Cefazolin,drug,252,4 blocks without attached citation IDs | Not assigned to a selected topic collection,Not adjudicated
2,drug:latanoprost,Latanoprost (ophthalmic),drug,255,Source locator review: openrn_pharm_round7: search URL (needs a specific supporting source) | 4 blocks without attached citation IDs | Not assigned to a selected topic collection,Not adjudicated
2,drug:cetirizine,Cetirizine,drug,258,4 blocks without attached citation IDs | Not assigned to a selected topic collection,Not adjudicated
2,drug:cyclobenzaprine,Cyclobenzaprine,drug,258,Source locator review: openrn_pharm_round3b: search URL (needs a specific supporting source) | 4 blocks without attached citation IDs | Not assigned to a selected topic collection,Not adjudicated
2,drug:riluzole,Riluzole,drug,258,Source locator review: openrn_pharm_round18: search URL (needs a specific supporting source) | 4 blocks without attached citation IDs | Not assigned to a selected topic collection,Not adjudicated
2,drug:timolol-ophthalmic,Timolol (ophthalmic),drug,258,Source locator review: openrn_pharm_round7: search URL (needs a specific supporting source) | 4 blocks without attached citation IDs | Not assigned to a selected topic collection,Not adjudicated
2,drug:metformin,Metformin,drug,262,4 blocks without attached citation IDs | Not assigned to a selected topic collection,Not adjudicated
2,drug:methylergonovine,Methylergonovine,drug,265,Source locator review: openrn_pharm_round9: search URL (needs a specific supporting source) | 4 blocks without attached citation IDs | Not assigned to a selected topic collection,Not adjudicated
2,drug:levothyroxine,Levothyroxine,drug,266,4 blocks without attached citation IDs | Not assigned to a selected topic collection,Not adjudicated
2,drug:tinidazole,Tinidazole,drug,268,Source locator review: openrn_pharm_round20: search URL (needs a specific supporting source) | 4 blocks without attached citation IDs | Not assigned to a selected topic collection,Not adjudicated
2,drug:mepolizumab,Mepolizumab,drug,269,Source locator review: openrn_pharm_round14: search URL (needs a specific supporting source) | 3 blocks without attached citation IDs | Not assigned to a selected topic collection,Not adjudicated
2,drug:cyproheptadine,Cyproheptadine,drug,271,Source locator review: openrn_pharm_round10: search URL (needs a specific supporting source) | 4 blocks without attached citation IDs | Not assigned to a selected topic collection,Not adjudicated
2,drug:rifaximin,Rifaximin,drug,271,Source locator review: openrn_pharm_round12: search URL (needs a specific supporting source) | 4 blocks without attached citation IDs | Not assigned to a selected topic collection,Not adjudicated
2,drug:etomidate,Etomidate,drug,272,Source locator review: openrn_pharm_round11: search URL (needs a specific supporting source) | 4 blocks without attached citation IDs | Not assigned to a selected topic collection,Not adjudicated
2,drug:polyethylene-glycol,Polyethylene Glycol 3350,drug,272,Source locator review: openrn_pharm_gi: search URL (needs a specific supporting source) | 4 blocks without attached citation IDs | Not assigned to a selected topic collection,Not adjudicated
2,drug:citalopram,Citalopram,drug,274,Source locator review: openrn_mh_round5: search URL (needs a specific supporting source); openrn_pharm_round5: search URL (needs a specific supporting source) | 4 blocks without attached citation IDs | Not assigned to a selected topic collection,Not adjudicated
2,drug:doxepin,Doxepin (low-dose insomnia),drug,274,Source locator review: openrn_pharm_round14: search URL (needs a specific supporting source) | 4 blocks without attached citation IDs | Not assigned to a selected topic collection,Not adjudicated
2,drug:lurasidone,Lurasidone,drug,275,Source locator review: openrn_pharm_round14: search URL (needs a specific supporting source) | 4 blocks without attached citation IDs | Not assigned to a selected topic collection,Not adjudicated
2,drug:duloxetine,Duloxetine,drug,276,Source locator review: openrn_mh_round5: search URL (needs a specific supporting source); openrn_pharm_round5: search URL (needs a specific supporting source) | 4 blocks without attached citation IDs | Not assigned to a selected topic collection,Not adjudicated
2,drug:febuxostat,Febuxostat,drug,276,Source locator review: openrn_pharm_round15: search URL (needs a specific supporting source) | 4 blocks without attached citation IDs | Not assigned to a selected topic collection,Not adjudicated
2,drug:acamprosate,Acamprosate,drug,278,Source locator review: openrn_pharm_round14: search URL (needs a specific supporting source) | 4 blocks without attached citation IDs | Not assigned to a selected topic collection,Not adjudicated
2,drug:clobetasol-topical,Clobetasol propionate (topical),drug,278,Source locator review: openrn_pharm_round7: search URL (needs a specific supporting source) | 4 blocks without attached citation IDs | Not assigned to a selected topic collection,Not adjudicated
2,drug:fomepizole,Fomepizole,drug,278,Source locator review: openrn_pharm_round10: search URL (needs a specific supporting source) | 4 blocks without attached citation IDs | Not assigned to a selected topic collection,Not adjudicated
2,drug:sodium-thiosulfate,Sodium thiosulfate,drug,278,Source locator review: openrn_pharm_round10: search URL (needs a specific supporting source) | 4 blocks without attached citation IDs | Not assigned to a selected topic collection,Not adjudicated
2,drug:fluconazole,Fluconazole,drug,279,4 blocks without attached citation IDs | Not assigned to a selected topic collection,Not adjudicated
2,drug:azathioprine,Azathioprine,drug,281,Source locator review: openrn_pharm_round7: search URL (needs a specific supporting source) | 4 blocks without attached citation IDs | Not assigned to a selected topic collection,Not adjudicated
2,drug:ethambutol,Ethambutol,drug,281,Source locator review: openrn_pharm_round16: search URL (needs a specific supporting source) | 4 blocks without attached citation IDs | Not assigned to a selected topic collection,Not adjudicated
2,drug:gabapentin,Gabapentin,drug,281,4 blocks without attached citation IDs | Not assigned to a selected topic collection,Not adjudicated
2,drug:pyrazinamide,Pyrazinamide,drug,281,Source locator review: openrn_pharm_round16: search URL (needs a specific supporting source) | 4 blocks without attached citation IDs | Not assigned to a selected topic collection,Not adjudicated
2,drug:ampicillin-sulbactam,Ampicillin-sulbactam,drug,282,Source locator review: openrn_pharm_round6: search URL (needs a specific supporting source) | 4 blocks without attached citation IDs | Not assigned to a selected topic collection,Not adjudicated
2,drug:sirolimus,Sirolimus,drug,282,Source locator review: openrn_pharm_round7: search URL (needs a specific supporting source) | 4 blocks without attached citation IDs | Not assigned to a selected topic collection,Not adjudicated
2,drug:montelukast,Montelukast,drug,285,Source locator review: openrn_pharm_round3a: search URL (needs a specific supporting source) | 4 blocks without attached citation IDs | Not assigned to a selected topic collection,Not adjudicated
2,drug:meloxicam,Meloxicam,drug,286,4 blocks without attached citation IDs | Not assigned to a selected topic collection,Not adjudicated
2,drug:fludrocortisone,Fludrocortisone,drug,289,Source locator review: openrn_pharm_round13: search URL (needs a specific supporting source) | 4 blocks without attached citation IDs | Not assigned to a selected topic collection,Not adjudicated
2,drug:octreotide,Octreotide,drug,289,Source locator review: openrn_pharm_round17: search URL (needs a specific supporting source) | 4 blocks without attached citation IDs | Not assigned to a selected topic collection,Not adjudicated
2,drug:hydroxocobalamin,Hydroxocobalamin (Cyanokit),drug,290,Source locator review: openrn_pharm_round10: search URL (needs a specific supporting source) | 4 blocks without attached citation IDs | Not assigned to a selected topic collection,Not adjudicated
2,drug:letrozole,Letrozole,drug,290,Source locator review: openrn_pharm_round8: search URL (needs a specific supporting source) | 4 blocks without attached citation IDs | Not assigned to a selected topic collection,Not adjudicated
2,drug:methylene-blue,Methylene blue,drug,291,Source locator review: openrn_pharm_round10: search URL (needs a specific supporting source) | 4 blocks without attached citation IDs | Not assigned to a selected topic collection,Not adjudicated
2,drug:sucralfate,Sucralfate,drug,291,Source locator review: openrn_pharm_round14: search URL (needs a specific supporting source) | 4 blocks without attached citation IDs | Not assigned to a selected topic collection,Not adjudicated
2,drug:mesalamine,Mesalamine (5-ASA),drug,294,Source locator review: openrn_pharm_round12: search URL (needs a specific supporting source) | 4 blocks without attached citation IDs | Not assigned to a selected topic collection,Not adjudicated
2,drug:modafinil,Modafinil,drug,294,Source locator review: openrn_pharm_round14: search URL (needs a specific supporting source) | 4 blocks without attached citation IDs | Not assigned to a selected topic collection,Not adjudicated
2,drug:spironolactone,Spironolactone,drug,294,4 blocks without attached citation IDs | Not assigned to a selected topic collection,Not adjudicated
2,drug:hydroxyzine,Hydroxyzine,drug,295,Source locator review: openrn_pharm_round7: search URL (needs a specific supporting source) | 4 blocks without attached citation IDs | Not assigned to a selected topic collection,Not adjudicated
2,drug:ketorolac,Ketorolac,drug,295,4 blocks without attached citation IDs | Not assigned to a selected topic collection,Not adjudicated
2,drug:scopolamine,Scopolamine,drug,296,Source locator review: openrn_pharm_round11: search URL (needs a specific supporting source) | 4 blocks without attached citation IDs | Not assigned to a selected topic collection,Not adjudicated
2,drug:aripiprazole,Aripiprazole,drug,297,Source locator review: openrn_mh_round5: search URL (needs a specific supporting source); openrn_pharm_round5: search URL (needs a specific supporting source) | 4 blocks without attached citation IDs | Not assigned to a selected topic collection,Not adjudicated
2,drug:hydroxychloroquine,Hydroxychloroquine,drug,297,Source locator review: openrn_pharm_hv: search URL (needs a specific supporting source) | 4 blocks without attached citation IDs | Not assigned to a selected topic collection,Not adjudicated
2,drug:megestrol,Megestrol,drug,297,Source locator review: openrn_pharm_round11: search URL (needs a specific supporting source) | 4 blocks without attached citation IDs | Not assigned to a selected topic collection,Not adjudicated
2,drug:escitalopram,Escitalopram,drug,299,Source locator review: openrn_pharm_hv: search URL (needs a specific supporting source) | 4 blocks without attached citation IDs | Not assigned to a selected topic collection,Not adjudicated
2,drug:medroxyprogesterone,Medroxyprogesterone (depot),drug,299,Source locator review: openrn_pharm_round8: search URL (needs a specific supporting source) | 4 blocks without attached citation IDs | Not assigned to a selected topic collection,Not adjudicated
2,drug:acyclovir,Acyclovir,drug,300,4 blocks without attached citation IDs | Not assigned to a selected topic collection,Not adjudicated
2,drug:anastrozole,Anastrozole,drug,301,Source locator review: openrn_pharm_round19: search URL (needs a specific supporting source) | 4 blocks without attached citation IDs | Not assigned to a selected topic collection,Not adjudicated
2,drug:mupirocin,Mupirocin,drug,301,Source locator review: openrn_pharm_round7: search URL (needs a specific supporting source); cdc_round7: site root (needs claim-level source review) | 4 blocks without attached citation IDs | Not assigned to a selected topic collection,Not adjudicated
2,drug:timolol-eye,Timolol (ophthalmic),drug,301,Source locator review: openrn_pharm_round16: search URL (needs a specific supporting source) | 4 blocks without attached citation IDs | Not assigned to a selected topic collection,Not adjudicated
2,drug:trastuzumab,Trastuzumab,drug,303,Source locator review: openrn_pharm_round12: search URL (needs a specific supporting source) | 4 blocks without attached citation IDs | Not assigned to a selected topic collection,Not adjudicated
2,drug:leflunomide,Leflunomide,drug,304,Source locator review: openrn_pharm_round15: search URL (needs a specific supporting source) | 4 blocks without attached citation IDs | Not assigned to a selected topic collection,Not adjudicated
2,drug:tamsulosin,Tamsulosin,drug,304,Source locator review: openrn_pharmacology_book_2: search URL (needs a specific supporting source) | 4 blocks without attached citation IDs | Not assigned to a selected topic collection,Not adjudicated
2,drug:amoxicillin-clavulanate,Amoxicillin-Clavulanate,drug,305,Source locator review: openrn_pharm_round3a: search URL (needs a specific supporting source) | 4 blocks without attached citation IDs | Not assigned to a selected topic collection,Not adjudicated
2,drug:meclizine,Meclizine,drug,305,4 blocks without attached citation IDs | Not assigned to a selected topic collection,Not adjudicated
2,drug:donepezil,Donepezil,drug,306,Source locator review: openrn_pharm_round11: search URL (needs a specific supporting source) | 4 blocks without attached citation IDs | Not assigned to a selected topic collection,Not adjudicated
2,drug:liraglutide,Liraglutide,drug,306,Source locator review: openrn_pharm_round13: search URL (needs a specific supporting source) | 4 blocks without attached citation IDs | Not assigned to a selected topic collection,Not adjudicated
2,drug:procainamide,Procainamide,drug,310,Source locator review: openrn_pharm_round11: search URL (needs a specific supporting source) | 4 blocks without attached citation IDs | Not assigned to a selected topic collection,Not adjudicated
2,drug:ceftriaxone,Ceftriaxone,drug,311,4 blocks without attached citation IDs | Not assigned to a selected topic collection,Not adjudicated
2,drug:prochlorperazine,Prochlorperazine,drug,311,4 blocks without attached citation IDs | Not assigned to a selected topic collection,Not adjudicated
2,drug:phenobarbital,Phenobarbital,drug,312,Source locator review: openrn_pharm_round9: search URL (needs a specific supporting source) | 4 blocks without attached citation IDs | Not assigned to a selected topic collection,Not adjudicated
2,drug:loperamide,Loperamide,drug,315,Source locator review: openrn_pharm_round12: search URL (needs a specific supporting source) | 4 blocks without attached citation IDs | Not assigned to a selected topic collection,Not adjudicated
2,drug:tadalafil,Tadalafil,drug,315,Source locator review: openrn_pharm_round15: search URL (needs a specific supporting source) | 4 blocks without attached citation IDs | Not assigned to a selected topic collection,Not adjudicated
2,drug:atropine,Atropine,drug,316,Source locator review: openrn_pharmacology_book: search URL (needs a specific supporting source) | 4 blocks without attached citation IDs | Not assigned to a selected topic collection,Not adjudicated
2,drug:azithromycin,Azithromycin,drug,316,4 blocks without attached citation IDs | Not assigned to a selected topic collection,Not adjudicated
2,drug:metronidazole,Metronidazole,drug,316,4 blocks without attached citation IDs | Not assigned to a selected topic collection,Not adjudicated
2,drug:sodium-chloride,Sodium chloride 0.9%,drug,316,Source locator review: openrn_pharmacology_book_2: search URL (needs a specific supporting source) | 3 blocks without attached citation IDs | Not assigned to a selected topic collection,Not adjudicated
2,drug:terbutaline,Terbutaline,drug,316,Source locator review: openrn_pharm_round9: search URL (needs a specific supporting source) | 4 blocks without attached citation IDs | Not assigned to a selected topic collection,Not adjudicated
2,drug:desmopressin,Desmopressin (DDAVP),drug,317,Source locator review: openrn_pharm_round13: search URL (needs a specific supporting source) | 4 blocks without attached citation IDs | Not assigned to a selected topic collection,Not adjudicated
2,drug:naltrexone,Naltrexone,drug,319,Source locator review: openrn_pharm_round10: search URL (needs a specific supporting source) | 4 blocks without attached citation IDs | Not assigned to a selected topic collection,Not adjudicated
2,drug:sulfamethoxazole-trimethoprim,Sulfamethoxazole-Trimethoprim,drug,319,4 blocks without attached citation IDs | Not assigned to a selected topic collection,Not adjudicated
2,drug:haloperidol,Haloperidol,drug,321,Source locator review: openrn_mental_health: search URL (needs a specific supporting source); openrn_pharm_psych: search URL (needs a specific supporting source) | 4 blocks without attached citation IDs | Not assigned to a selected topic collection,Not adjudicated
2,drug:losartan,Losartan,drug,321,4 blocks without attached citation IDs | Not assigned to a selected topic collection,Not adjudicated
2,drug:atenolol,Atenolol,drug,322,4 blocks without attached citation IDs | Not assigned to a selected topic collection,Not adjudicated
2,drug:pembrolizumab,Pembrolizumab,drug,322,Source locator review: openrn_pharm_round12: search URL (needs a specific supporting source) | 3 blocks without attached citation IDs | Not assigned to a selected topic collection,Not adjudicated
2,drug:atomoxetine,Atomoxetine,drug,324,Source locator review: openrn_pharm_round15: search URL (needs a specific supporting source) | 4 blocks without attached citation IDs | Not assigned to a selected topic collection,Not adjudicated
2,drug:oseltamivir,Oseltamivir,drug,324,Source locator review: openrn_pharm_hv: search URL (needs a specific supporting source) | 5 blocks without attached citation IDs | Not assigned to a selected topic collection,Not adjudicated
2,drug:bevacizumab,Bevacizumab,drug,326,Source locator review: openrn_pharm_round12: search URL (needs a specific supporting source) | 4 blocks without attached citation IDs | Not assigned to a selected topic collection,Not adjudicated
2,drug:dolutegravir,Dolutegravir,drug,326,Source locator review: openrn_pharm_round15: search URL (needs a specific supporting source) | 4 blocks without attached citation IDs | Not assigned to a selected topic collection,Not adjudicated
2,drug:efavirenz,Efavirenz,drug,326,Source locator review: openrn_pharm_round16: search URL (needs a specific supporting source) | 4 blocks without attached citation IDs | Not assigned to a selected topic collection,Not adjudicated
2,drug:clindamycin,Clindamycin,drug,327,4 blocks without attached citation IDs | Not assigned to a selected topic collection,Not adjudicated
2,drug:promethazine,Promethazine,drug,327,Source locator review: openrn_pharm_gi: search URL (needs a specific supporting source) | 4 blocks without attached citation IDs | Not assigned to a selected topic collection,Not adjudicated
2,drug:guselkumab,Guselkumab (Tremfya),drug,328,4 blocks without attached citation IDs | Not assigned to a selected topic collection,Not adjudicated
2,drug:fluticasone-salmeterol,Fluticasone / Salmeterol,drug,329,Source locator review: openrn_pharm_resp: search URL (needs a specific supporting source) | 4 blocks without attached citation IDs | Not assigned to a selected topic collection,Not adjudicated
2,drug:hydralazine,Hydralazine,drug,329,Source locator review: openrn_pharmacology_book_2: search URL (needs a specific supporting source) | 4 blocks without attached citation IDs | Not assigned to a selected topic collection,Not adjudicated
2,drug:aspirin,Aspirin,drug,330,4 blocks without attached citation IDs | Not assigned to a selected topic collection,Not adjudicated
2,drug:linezolid,Linezolid,drug,330,4 blocks without attached citation IDs | Not assigned to a selected topic collection,Not adjudicated
2,drug:tenofovir,Tenofovir (TAF / TDF),drug,330,Source locator review: openrn_pharm_round15: search URL (needs a specific supporting source) | 4 blocks without attached citation IDs | Not assigned to a selected topic collection,Not adjudicated
2,drug:somatropin,Somatropin (recombinant human growth hormone),drug,331,Source locator review: openrn_pharm_round9: search URL (needs a specific supporting source) | 4 blocks without attached citation IDs | Not assigned to a selected topic collection,Not adjudicated
2,drug:omeprazole,Omeprazole,drug,332,Source locator review: openrn_pharm_round3a: search URL (needs a specific supporting source) | 3 blocks without attached citation IDs | Not assigned to a selected topic collection,Not adjudicated
2,drug:tofacitinib,Tofacitinib,drug,333,Source locator review: openrn_pharm_round15: search URL (needs a specific supporting source) | 4 blocks without attached citation IDs | Not assigned to a selected topic collection,Not adjudicated
2,drug:oxybutynin,Oxybutynin,drug,334,Source locator review: openrn_pharm_round19: search URL (needs a specific supporting source) | 4 blocks without attached citation IDs | Not assigned to a selected topic collection,Not adjudicated
2,drug:zolpidem,Zolpidem,drug,334,Source locator review: openrn_pharm_round14: search URL (needs a specific supporting source) | 4 blocks without attached citation IDs | Not assigned to a selected topic collection,Not adjudicated
2,drug:omalizumab,Omalizumab,drug,335,Source locator review: openrn_pharm_round14: search URL (needs a specific supporting source) | 3 blocks without attached citation IDs | Not assigned to a selected topic collection,Not adjudicated
2,drug:filgrastim,Filgrastim (G-CSF),drug,337,Source locator review: openrn_pharm_round18: search URL (needs a specific supporting source) | 4 blocks without attached citation IDs | Not assigned to a selected topic collection,Not adjudicated
2,drug:misoprostol,Misoprostol,drug,338,Source locator review: openrn_pharm_round9: search URL (needs a specific supporting source) | 4 blocks without attached citation IDs | Not assigned to a selected topic collection,Not adjudicated
2,drug:olanzapine,Olanzapine,drug,338,Source locator review: openrn_mh_round5: search URL (needs a specific supporting source); openrn_pharm_round5: search URL (needs a specific supporting source) | 4 blocks without attached citation IDs | Not assigned to a selected topic collection,Not adjudicated
2,drug:albuterol,Albuterol,drug,340,4 blocks without attached citation IDs | Not assigned to a selected topic collection,Not adjudicated
2,drug:glucagon,Glucagon,drug,340,4 blocks without attached citation IDs | Not assigned to a selected topic collection,Not adjudicated
2,drug:tamoxifen,Tamoxifen,drug,341,Source locator review: openrn_pharm_round8: search URL (needs a specific supporting source) | 4 blocks without attached citation IDs | Not assigned to a selected topic collection,Not adjudicated
2,drug:bupropion,Bupropion,drug,343,Source locator review: openrn_pharm_round3b: search URL (needs a specific supporting source) | 4 blocks without attached citation IDs | Not assigned to a selected topic collection,Not adjudicated
2,drug:amoxicillin,Amoxicillin,drug,344,Source locator review: openrn_pharm_round3a: search URL (needs a specific supporting source) | 3 blocks without attached citation IDs | Not assigned to a selected topic collection,Not adjudicated
2,drug:infliximab,Infliximab,drug,345,Source locator review: openrn_pharm_round12: search URL (needs a specific supporting source) | 4 blocks without attached citation IDs | Not assigned to a selected topic collection,Not adjudicated
2,drug:benzonatate,Benzonatate,drug,346,4 blocks without attached citation IDs | Not assigned to a selected topic collection,Not adjudicated
2,drug:fluoxetine,Fluoxetine,drug,346,Source locator review: openrn_mh_round5: search URL (needs a specific supporting source); openrn_pharm_round5: search URL (needs a specific supporting source) | 4 blocks without attached citation IDs | Not assigned to a selected topic collection,Not adjudicated
2,drug:levetiracetam,Levetiracetam,drug,346,Source locator review: openrn_pharmacology_book: search URL (needs a specific supporting source) | 4 blocks without attached citation IDs | Not assigned to a selected topic collection,Not adjudicated
2,drug:indomethacin,Indomethacin,drug,347,Source locator review: openrn_pharm_round9: search URL (needs a specific supporting source) | 4 blocks without attached citation IDs | Not assigned to a selected topic collection,Not adjudicated
2,drug:nifedipine,Nifedipine,drug,348,Source locator review: openrn_pharm_round9: search URL (needs a specific supporting source) | 4 blocks without attached citation IDs | Not assigned to a selected topic collection,Not adjudicated
2,drug:albumin-iv,Albumin (IV),drug,349,Source locator review: openrn_pharmacology_book_2: search URL (needs a specific supporting source) | 3 blocks without attached citation IDs | Not assigned to a selected topic collection,Not adjudicated
2,drug:valacyclovir,Valacyclovir,drug,351,Source locator review: openrn_pharm_round15: search URL (needs a specific supporting source) | 4 blocks without attached citation IDs | Not assigned to a selected topic collection,Not adjudicated
2,drug:adalimumab,Adalimumab,drug,352,Source locator review: openrn_pharm_round8: search URL (needs a specific supporting source) | 4 blocks without attached citation IDs | Not assigned to a selected topic collection,Not adjudicated
2,drug:cefdinir,Cefdinir,drug,353,Source locator review: openrn_pharm_round20: search URL (needs a specific supporting source) | 4 blocks without attached citation IDs | Not assigned to a selected topic collection,Not adjudicated
2,drug:verapamil,Verapamil,drug,354,4 blocks without attached citation IDs | Not assigned to a selected topic collection,Not adjudicated
2,drug:cabotegravir-la,Cabotegravir LA + rilpivirine LA (Cabenuva),drug,355,Source locator review: openrn_pharm_round16: search URL (needs a specific supporting source) | 4 blocks without attached citation IDs | Not assigned to a selected topic collection,Not adjudicated
2,drug:rifampin,Rifampin,drug,355,Source locator review: openrn_pharm_round15: search URL (needs a specific supporting source) | 4 blocks without attached citation IDs | Not assigned to a selected topic collection,Not adjudicated
2,drug:levodopa-carbidopa,Levodopa-carbidopa,drug,357,Source locator review: openrn_pharm_round18: search URL (needs a specific supporting source) | 4 blocks without attached citation IDs | Not assigned to a selected topic collection,Not adjudicated
2,drug:lisinopril,Lisinopril,drug,360,4 blocks without attached citation IDs | Not assigned to a selected topic collection,Not adjudicated
2,drug:betamethasone,Betamethasone,drug,363,Source locator review: openrn_pharm_round9: search URL (needs a specific supporting source) | 4 blocks without attached citation IDs | Not assigned to a selected topic collection,Not adjudicated
2,drug:metoclopramide,Metoclopramide,drug,363,4 blocks without attached citation IDs | Not assigned to a selected topic collection,Not adjudicated
2,drug:bismuth-subsalicylate,Bismuth subsalicylate,drug,364,Source locator review: openrn_pharm_round14: search URL (needs a specific supporting source) | 4 blocks without attached citation IDs | Not assigned to a selected topic collection,Not adjudicated
2,drug:celecoxib,Celecoxib,drug,364,4 blocks without attached citation IDs | Not assigned to a selected topic collection,Not adjudicated
2,drug:methylprednisolone,Methylprednisolone,drug,364,4 blocks without attached citation IDs | Not assigned to a selected topic collection,Not adjudicated
2,drug:colchicine,Colchicine,drug,365,Source locator review: openrn_pharm_round8: search URL (needs a specific supporting source) | 4 blocks without attached citation IDs | Not assigned to a selected topic collection,Not adjudicated
2,drug:voriconazole,Voriconazole,drug,365,4 blocks without attached citation IDs | Not assigned to a selected topic collection,Not adjudicated
2,drug:levonorgestrel-iud,Levonorgestrel IUD,drug,368,Source locator review: openrn_pharm_round8: search URL (needs a specific supporting source) | 4 blocks without attached citation IDs | Not assigned to a selected topic collection,Not adjudicated
2,drug:n-acetylcysteine,N-Acetylcysteine,drug,370,Source locator review: openrn_pharm_reversal: search URL (needs a specific supporting source) | 4 blocks without attached citation IDs | Not assigned to a selected topic collection,Not adjudicated
2,drug:piperacillin-tazobactam,Piperacillin-tazobactam,drug,371,Source locator review: openrn_pharmacology_book_2: search URL (needs a specific supporting source) | 4 blocks without attached citation IDs | Not assigned to a selected topic collection,Not adjudicated
2,drug:mycophenolate,Mycophenolate mofetil,drug,372,Source locator review: openrn_pharm_round7: search URL (needs a specific supporting source) | 4 blocks without attached citation IDs | Not assigned to a selected topic collection,Not adjudicated
2,drug:finasteride,Finasteride,drug,373,Source locator review: openrn_pharm_round19: search URL (needs a specific supporting source) | 4 blocks without attached citation IDs | Not assigned to a selected topic collection,Not adjudicated
2,drug:ibuprofen,Ibuprofen,drug,375,4 blocks without attached citation IDs | Not assigned to a selected topic collection,Not adjudicated
2,drug:isotretinoin,Isotretinoin,drug,375,Source locator review: openrn_pharm_round16: search URL (needs a specific supporting source) | 4 blocks without attached citation IDs | Not assigned to a selected topic collection,Not adjudicated
2,drug:dapagliflozin,Dapagliflozin,drug,376,Source locator review: openrn_pharm_round13: search URL (needs a specific supporting source) | 4 blocks without attached citation IDs | Not assigned to a selected topic collection,Not adjudicated
2,drug:sodium-zirconium-cyclosilicate,Sodium zirconium cyclosilicate (Lokelma),drug,376,Source locator review: ismp_round34: site root (needs claim-level source review) | 5 blocks without attached citation IDs | Not assigned to a selected topic collection,Not adjudicated
2,drug:mannitol,Mannitol,drug,377,Source locator review: openrn_pharmacology_book_2: search URL (needs a specific supporting source) | 4 blocks without attached citation IDs | Not assigned to a selected topic collection,Not adjudicated
2,drug:azelastine-nasal,"Azelastine nasal (Astelin, Astepro)",drug,378,4 blocks without attached citation IDs | Not assigned to a selected topic collection,Not adjudicated
2,drug:ondansetron,Ondansetron,drug,378,4 blocks without attached citation IDs | Not assigned to a selected topic collection,Not adjudicated
2,drug:sodium-bicarbonate,Sodium bicarbonate,drug,381,Source locator review: openrn_pharmacology_book_2: search URL (needs a specific supporting source) | 3 blocks without attached citation IDs | Not assigned to a selected topic collection,Not adjudicated
2,drug:nitrofurantoin,Nitrofurantoin,drug,382,Source locator review: openrn_pharm_round3a: search URL (needs a specific supporting source) | 4 blocks without attached citation IDs | Not assigned to a selected topic collection,Not adjudicated
2,drug:sildenafil,Sildenafil,drug,382,4 blocks without attached citation IDs | Not assigned to a selected topic collection,Not adjudicated
2,drug:levofloxacin,Levofloxacin,drug,384,4 blocks without attached citation IDs | Not assigned to a selected topic collection,Not adjudicated
2,drug:acetaminophen,Acetaminophen,drug,386,4 blocks without attached citation IDs | Not assigned to a selected topic collection,Not adjudicated
2,drug:propranolol,Propranolol,drug,389,4 blocks without attached citation IDs | Not assigned to a selected topic collection,Not adjudicated
2,drug:tirzepatide,Tirzepatide,drug,391,Source locator review: openrn_pharm_round13: search URL (needs a specific supporting source) | 4 blocks without attached citation IDs | Not assigned to a selected topic collection,Not adjudicated
2,drug:tdf-ftc-prep,Tenofovir disoproxil fumarate / emtricitabine (Truvada),drug,392,Source locator review: openrn_pharm_round10: search URL (needs a specific supporting source) | 4 blocks without attached citation IDs | Not assigned to a selected topic collection,Not adjudicated
2,drug:benralizumab,Benralizumab (Fasenra),drug,394,5 blocks without attached citation IDs | Not assigned to a selected topic collection,Not adjudicated
2,drug:lamotrigine,Lamotrigine,drug,394,Source locator review: openrn_mh_round5: search URL (needs a specific supporting source); openrn_pharm_round5: search URL (needs a specific supporting source) | 4 blocks without attached citation IDs | Not assigned to a selected topic collection,Not adjudicated
2,drug:patiromer,Patiromer (Veltassa),drug,394,Source locator review: ismp_round34: site root (needs claim-level source review) | 5 blocks without attached citation IDs | Not assigned to a selected topic collection,Not adjudicated
2,drug:lidocaine,Lidocaine,drug,395,Source locator review: openrn_pharm_round11: search URL (needs a specific supporting source) | 4 blocks without attached citation IDs | Not assigned to a selected topic collection,Not adjudicated
2,drug:denosumab,Denosumab,drug,396,Source locator review: openrn_pharm_round19: search URL (needs a specific supporting source) | 4 blocks without attached citation IDs | Not assigned to a selected topic collection,Not adjudicated
2,drug:esketamine,Esketamine (intranasal),drug,397,Source locator review: openrn_pharm_round14: search URL (needs a specific supporting source) | 4 blocks without attached citation IDs | Not assigned to a selected topic collection,Not adjudicated
2,drug:tranexamic-acid,Tranexamic Acid (TXA),drug,397,Source locator review: openrn_pharm_round3b: search URL (needs a specific supporting source) | 4 blocks without attached citation IDs | Not assigned to a selected topic collection,Not adjudicated
2,drug:doxycycline,Doxycycline,drug,400,Source locator review: openrn_pharm_round3a: search URL (needs a specific supporting source) | 4 blocks without attached citation IDs | Not assigned to a selected topic collection,Not adjudicated
2,drug:polyethylene-glycol-3350,Polyethylene glycol 3350 (PEG-3350),drug,402,Source locator review: openrn_pharm_round20: search URL (needs a specific supporting source) | 4 blocks without attached citation IDs | Not assigned to a selected topic collection,Not adjudicated
2,drug:anifrolumab,Anifrolumab (Saphnelo),drug,403,4 blocks without attached citation IDs | Not assigned to a selected topic collection,Not adjudicated
2,drug:pantoprazole,Pantoprazole,drug,403,4 blocks without attached citation IDs | Not assigned to a selected topic collection,Not adjudicated
2,drug:benzoyl-peroxide,"Benzoyl peroxide topical (BP, BPO)",drug,408,4 blocks without attached citation IDs | Not assigned to a selected topic collection,Not adjudicated
2,drug:calcium-gluconate,Calcium gluconate,drug,410,Source locator review: openrn_pharmacology_book: search URL (needs a specific supporting source) | 4 blocks without attached citation IDs | Not assigned to a selected topic collection,Not adjudicated
2,drug:evolocumab,Evolocumab (Repatha) + PCSK9 inhibitors,drug,414,Source locator review: ismp_round34: site root (needs claim-level source review) | 5 blocks without attached citation IDs | Not assigned to a selected topic collection,Not adjudicated
2,drug:olopatadine,Olopatadine 0.2% (Pataday) ophthalmic,drug,414,5 blocks without attached citation IDs | Not assigned to a selected topic collection,Not adjudicated
2,drug:dexamethasone,Dexamethasone,drug,415,4 blocks without attached citation IDs | Not assigned to a selected topic collection,Not adjudicated
2,drug:roflumilast,Roflumilast (Daliresp),drug,416,5 blocks without attached citation IDs | Not assigned to a selected topic collection,Not adjudicated
2,drug:risedronate,Risedronate,drug,419,Source locator review: openrn_pharm_round19: search URL (needs a specific supporting source) | 4 blocks without attached citation IDs | Not assigned to a selected topic collection,Not adjudicated
2,drug:leuprolide,Leuprolide,drug,421,Source locator review: openrn_pharm_round19: search URL (needs a specific supporting source) | 4 blocks without attached citation IDs | Not assigned to a selected topic collection,Not adjudicated
2,drug:naloxone,Naloxone,drug,423,4 blocks without attached citation IDs | Not assigned to a selected topic collection,Not adjudicated
2,drug:sacubitril-valsartan,Sacubitril / Valsartan,drug,423,Source locator review: openrn_pharm_hv: search URL (needs a specific supporting source) | 4 blocks without attached citation IDs | Not assigned to a selected topic collection,Not adjudicated
2,drug:hydrocortisone,Hydrocortisone,drug,424,Source locator review: openrn_pharmacology_book: search URL (needs a specific supporting source) | 4 blocks without attached citation IDs | Not assigned to a selected topic collection,Not adjudicated
2,drug:tezepelumab,Tezepelumab (Tezspire),drug,427,5 blocks without attached citation IDs | Not assigned to a selected topic collection,Not adjudicated
2,drug:combined-oral-contraceptive,Combined oral contraceptive (estrogen + progestin),drug,428,Source locator review: openrn_pharm_round8: search URL (needs a specific supporting source) | 4 blocks without attached citation IDs | Not assigned to a selected topic collection,Not adjudicated
2,drug:varenicline,Varenicline,drug,431,Source locator review: openrn_pharm_round20: search URL (needs a specific supporting source) | 4 blocks without attached citation IDs | Not assigned to a selected topic collection,Not adjudicated
2,drug:amitriptyline,Amitriptyline,drug,433,4 blocks without attached citation IDs | Not assigned to a selected topic collection,Not adjudicated
2,drug:cromolyn,"Cromolyn sodium (Intal, Crolom)",drug,433,4 blocks without attached citation IDs | Not assigned to a selected topic collection,Not adjudicated
2,drug:empagliflozin,Empagliflozin,drug,434,Source locator review: openrn_pharm_hv: search URL (needs a specific supporting source) | 5 blocks without attached citation IDs | Not assigned to a selected topic collection,Not adjudicated
2,drug:levonorgestrel,Levonorgestrel (emergency contraception + IUD),drug,438,Source locator review: openrn_pharm_round19: search URL (needs a specific supporting source) | 4 blocks without attached citation IDs | Not assigned to a selected topic collection,Not adjudicated
2,drug:clotrimazole-topical,Clotrimazole topical (Lotrimin AF),drug,444,4 blocks without attached citation IDs | Not assigned to a selected topic collection,Not adjudicated
2,drug:moxifloxacin-ophthalmic,Moxifloxacin ophthalmic 0.5% (Vigamox),drug,450,4 blocks without attached citation IDs | Not assigned to a selected topic collection,Not adjudicated
2,drug:doxylamine-pyridoxine,"Doxylamine + pyridoxine (Diclegis, Bonjesta)",drug,451,4 blocks without attached citation IDs | Not assigned to a selected topic collection,Not adjudicated
2,drug:bisacodyl,Bisacodyl (Dulcolax),drug,452,Source locator review: specialty_round24: site root (needs claim-level source review) | 5 blocks without attached citation IDs | Not assigned to a selected topic collection,Not adjudicated
2,drug:estradiol-hrt,Estradiol (menopausal HRT),drug,452,Source locator review: openrn_pharm_round19: search URL (needs a specific supporting source) | 4 blocks without attached citation IDs | Not assigned to a selected topic collection,Not adjudicated
2,drug:loratadine,Loratadine (Claritin),drug,452,5 blocks without attached citation IDs | Not assigned to a selected topic collection,Not adjudicated
2,drug:prednisone,Prednisone,drug,455,Source locator review: openrn_pharm_hv: search URL (needs a specific supporting source) | 4 blocks without attached citation IDs | Not assigned to a selected topic collection,Not adjudicated
2,drug:crizanlizumab,Crizanlizumab (Adakveo),drug,457,5 blocks without attached citation IDs | Not assigned to a selected topic collection,Not adjudicated
2,drug:ciprofloxacin,Ciprofloxacin,drug,458,Source locator review: openrn_pharmacology_book_2: search URL (needs a specific supporting source) | 3 blocks without attached citation IDs | Not assigned to a selected topic collection,Not adjudicated
2,drug:erythromycin-ophthalmic,Erythromycin ophthalmic ointment 0.5%,drug,459,5 blocks without attached citation IDs | Not assigned to a selected topic collection,Not adjudicated
2,drug:dornase-alfa,Dornase alfa (Pulmozyme),drug,460,5 blocks without attached citation IDs | Not assigned to a selected topic collection,Not adjudicated
2,drug:nystatin,Nystatin (Mycostatin),drug,460,4 blocks without attached citation IDs | Not assigned to a selected topic collection,Not adjudicated
2,drug:fluticasone-nasal,Fluticasone nasal (Flonase),drug,465,4 blocks without attached citation IDs | Not assigned to a selected topic collection,Not adjudicated
2,drug:senna,Senna / sennosides (Senokot),drug,475,Source locator review: specialty_round24: site root (needs claim-level source review) | 5 blocks without attached citation IDs | Not assigned to a selected topic collection,Not adjudicated
2,drug:imiquimod,Imiquimod,drug,476,Source locator review: openrn_pharm_round20: search URL (needs a specific supporting source) | 4 blocks without attached citation IDs | Not assigned to a selected topic collection,Not adjudicated
2,drug:hpv-vaccine,HPV vaccine (Gardasil 9),drug,479,Source locator review: openrn_pharm_round20: search URL (needs a specific supporting source) | 4 blocks without attached citation IDs | Not assigned to a selected topic collection,Not adjudicated
2,drug:secukinumab,Secukinumab (Cosentyx),drug,482,5 blocks without attached citation IDs | Not assigned to a selected topic collection,Not adjudicated
2,drug:sodium-polystyrene-sulfonate,Sodium polystyrene sulfonate (Kayexalate),drug,489,Source locator review: ismp_round34: site root (needs claim-level source review) | 5 blocks without attached citation IDs | Not assigned to a selected topic collection,Not adjudicated
2,drug:ustekinumab,Ustekinumab (Stelara),drug,491,5 blocks without attached citation IDs | Not assigned to a selected topic collection,Not adjudicated
2,drug:anakinra,Anakinra (Kineret),drug,494,4 blocks without attached citation IDs | Not assigned to a selected topic collection,Not adjudicated
2,drug:lidocaine-patch,Lidocaine 5% patch (Lidoderm),drug,501,Source locator review: specialty_round24: site root (needs claim-level source review) | 4 blocks without attached citation IDs | Not assigned to a selected topic collection,Not adjudicated
2,drug:metronidazole-bv,Metronidazole (BV + trichomoniasis),drug,503,Source locator review: openrn_pharm_round20: search URL (needs a specific supporting source) | 4 blocks without attached citation IDs | Not assigned to a selected topic collection,Not adjudicated
2,drug:budesonide-nebulized,Budesonide nebulized (Pulmicort Respules),drug,504,5 blocks without attached citation IDs | Not assigned to a selected topic collection,Not adjudicated
2,drug:canakinumab,Canakinumab (Ilaris),drug,506,4 blocks without attached citation IDs | Not assigned to a selected topic collection,Not adjudicated
2,drug:influenza-vaccine,Influenza vaccine (annual),drug,507,Source locator review: openrn_pharm_round20: search URL (needs a specific supporting source) | 4 blocks without attached citation IDs | Not assigned to a selected topic collection,Not adjudicated
2,drug:lanreotide,Lanreotide (Somatuline Depot),drug,510,5 blocks without attached citation IDs | Not assigned to a selected topic collection,Not adjudicated
2,drug:folic-acid,"Folic acid (vitamin B9, folate)",drug,511,4 blocks without attached citation IDs | Not assigned to a selected topic collection,Not adjudicated
2,drug:terbinafine,Terbinafine (Lamisil),drug,512,4 blocks without attached citation IDs | Not assigned to a selected topic collection,Not adjudicated
2,drug:ferric-carboxymaltose,Ferric carboxymaltose (Injectafer),drug,513,5 blocks without attached citation IDs | Not assigned to a selected topic collection,Not adjudicated
2,drug:tretinoin-topical,"Tretinoin topical (Retin-A, Renova, Atralin)",drug,518,5 blocks without attached citation IDs | Not assigned to a selected topic collection,Not adjudicated
2,drug:metyrapone,Metyrapone (Metopirone),drug,524,5 blocks without attached citation IDs | Not assigned to a selected topic collection,Not adjudicated
2,drug:dupilumab,Dupilumab (Dupixent),drug,526,4 blocks without attached citation IDs | Not assigned to a selected topic collection,Not adjudicated
2,drug:nintedanib,Nintedanib (Ofev),drug,529,5 blocks without attached citation IDs | Not assigned to a selected topic collection,Not adjudicated
2,drug:calcitonin,Calcitonin (Miacalcin / Fortical),drug,533,5 blocks without attached citation IDs | Not assigned to a selected topic collection,Not adjudicated
2,drug:diclofenac-topical,Diclofenac topical 1% gel (Voltaren gel),drug,534,Source locator review: specialty_round24: site root (needs claim-level source review) | 4 blocks without attached citation IDs | Not assigned to a selected topic collection,Not adjudicated
2,drug:capsaicin-topical,"Capsaicin topical (Zostrix, Qutenza)",drug,537,Source locator review: specialty_round24: site root (needs claim-level source review) | 5 blocks without attached citation IDs | Not assigned to a selected topic collection,Not adjudicated
2,drug:caffeine-citrate,Caffeine citrate (Cafcit),drug,538,5 blocks without attached citation IDs | Not assigned to a selected topic collection,Not adjudicated
2,drug:minocycline,"Minocycline (Minocin, Solodyn)",drug,539,5 blocks without attached citation IDs | Not assigned to a selected topic collection,Not adjudicated
2,drug:glycopyrrolate,Glycopyrrolate (Robinul),drug,541,Source locator review: specialty_round24: site root (needs claim-level source review) | 5 blocks without attached citation IDs | Not assigned to a selected topic collection,Not adjudicated
2,drug:racemic-epinephrine,Racemic epinephrine (nebulized),drug,549,4 blocks without attached citation IDs | Not assigned to a selected topic collection,Not adjudicated
2,drug:sodium-polystyrene,"Sodium polystyrene sulfonate (Kayexalate, SPS)",drug,549,5 blocks without attached citation IDs | Not assigned to a selected topic collection,Not adjudicated
2,drug:methylnaltrexone,Methylnaltrexone (Relistor),drug,550,Source locator review: specialty_round24: site root (needs claim-level source review) | 5 blocks without attached citation IDs | Not assigned to a selected topic collection,Not adjudicated
2,drug:apremilast,Apremilast (Otezla),drug,551,4 blocks without attached citation IDs | Not assigned to a selected topic collection,Not adjudicated
2,drug:voclosporin,Voclosporin (Lupkynis),drug,554,4 blocks without attached citation IDs | Not assigned to a selected topic collection,Not adjudicated
2,drug:fenoldopam,Fenoldopam (Corlopam),drug,567,5 blocks without attached citation IDs | Not assigned to a selected topic collection,Not adjudicated
2,drug:maraviroc,Maraviroc (Selzentry),drug,567,5 blocks without attached citation IDs | Not assigned to a selected topic collection,Not adjudicated
2,drug:beclomethasone,"Beclomethasone inhaled (Qvar, Vanceril)",drug,569,5 blocks without attached citation IDs | Not assigned to a selected topic collection,Not adjudicated
2,drug:rh-immune-globulin,"Rh(D) immune globulin (RhoGAM, MicRhoGAM)",drug,569,5 blocks without attached citation IDs | Not assigned to a selected topic collection,Not adjudicated
2,drug:teriparatide,Teriparatide (Forteo),drug,569,5 blocks without attached citation IDs | Not assigned to a selected topic collection,Not adjudicated
2,drug:belimumab,Belimumab (Benlysta),drug,575,5 blocks without attached citation IDs | Not assigned to a selected topic collection,Not adjudicated
2,drug:cyanocobalamin,Cyanocobalamin (vitamin B12),drug,580,4 blocks without attached citation IDs | Not assigned to a selected topic collection,Not adjudicated
2,drug:mmr-vaccine,"MMR vaccine (measles, mumps, rubella)",drug,583,Source locator review: openrn_pharm_round20: search URL (needs a specific supporting source) | 4 blocks without attached citation IDs | Not assigned to a selected topic collection,Not adjudicated
2,drug:bromocriptine,Bromocriptine (Parlodel + Cycloset),drug,585,5 blocks without attached citation IDs | Not assigned to a selected topic collection,Not adjudicated
2,drug:abatacept,Abatacept (Orencia),drug,590,5 blocks without attached citation IDs | Not assigned to a selected topic collection,Not adjudicated
2,drug:permethrin-topical,Permethrin 5% topical cream (Elimite),drug,593,5 blocks without attached citation IDs | Not assigned to a selected topic collection,Not adjudicated
2,drug:cholecalciferol,Cholecalciferol (vitamin D3),drug,600,5 blocks without attached citation IDs | Not assigned to a selected topic collection,Not adjudicated
2,drug:pancrelipase,"Pancrelipase (Creon, Zenpep, Pancreaze)",drug,601,4 blocks without attached citation IDs | Not assigned to a selected topic collection,Not adjudicated
2,drug:atezolizumab,Atezolizumab (Tecentriq) + anti-PD-L1,drug,605,5 blocks without attached citation IDs | Not assigned to a selected topic collection,Not adjudicated
2,drug:ferrous-sulfate,Ferrous sulfate (oral iron),drug,606,4 blocks without attached citation IDs | Not assigned to a selected topic collection,Not adjudicated
2,drug:sumatriptan,Sumatriptan (Imitrex),drug,617,6 blocks without attached citation IDs | Not assigned to a selected topic collection,Not adjudicated
2,drug:dimethyl-fumarate,Dimethyl fumarate (Tecfidera),drug,621,5 blocks without attached citation IDs | Not assigned to a selected topic collection,Not adjudicated
2,drug:cangrelor,Cangrelor (Kengreal),drug,624,5 blocks without attached citation IDs | Not assigned to a selected topic collection,Not adjudicated
2,drug:elexacaftor-tezacaftor-ivacaftor,Elexacaftor / tezacaftor / ivacaftor (Trikafta / Kaftrio),drug,624,5 blocks without attached citation IDs | Not assigned to a selected topic collection,Not adjudicated
2,drug:potassium-iodide,Potassium iodide (SSKI / Lugol's solution) + Lugol's iodine,drug,625,5 blocks without attached citation IDs | Not assigned to a selected topic collection,Not adjudicated
2,drug:aspirin-low-dose,"Aspirin low-dose (81 mg, baby aspirin)",drug,634,5 blocks without attached citation IDs | Not assigned to a selected topic collection,Not adjudicated
2,drug:erenumab,Erenumab (Aimovig) + CGRP migraine prophylaxis MABs,drug,645,5 blocks without attached citation IDs | Not assigned to a selected topic collection,Not adjudicated
2,drug:iron-sucrose,Iron sucrose (Venofer),drug,646,5 blocks without attached citation IDs | Not assigned to a selected topic collection,Not adjudicated
2,drug:amantadine,Amantadine (Symmetrel + Gocovri),drug,655,5 blocks without attached citation IDs | Not assigned to a selected topic collection,Not adjudicated
2,drug:ivacaftor,Ivacaftor (Kalydeco) + CFTR modulators,drug,663,5 blocks without attached citation IDs | Not assigned to a selected topic collection,Not adjudicated
2,drug:nesiritide,Nesiritide (Natrecor),drug,668,5 blocks without attached citation IDs | Not assigned to a selected topic collection,Not adjudicated
2,drug:bictegravir-tenofovir-emtricitabine,Bictegravir / tenofovir / emtricitabine (Biktarvy),drug,670,5 blocks without attached citation IDs | Not assigned to a selected topic collection,Not adjudicated
2,drug:atovaquone,Atovaquone (Mepron + Malarone),drug,671,5 blocks without attached citation IDs | Not assigned to a selected topic collection,Not adjudicated
2,drug:entacapone,Entacapone (Comtan) + opicapone + tolcapone,drug,671,5 blocks without attached citation IDs | Not assigned to a selected topic collection,Not adjudicated
2,drug:naproxen,"Naproxen (Aleve, Naprosyn)",drug,685,Source locator review: specialty_round24: site root (needs claim-level source review) | 6 blocks without attached citation IDs | Not assigned to a selected topic collection,Not adjudicated
2,drug:lenacapavir,Lenacapavir (Sunlenca),drug,703,5 blocks without attached citation IDs | Not assigned to a selected topic collection,Not adjudicated
2,drug:ivermectin,Ivermectin (Stromectol),drug,704,5 blocks without attached citation IDs | Not assigned to a selected topic collection,Not adjudicated
2,drug:rasagiline,Rasagiline (Azilect) + selegiline + safinamide,drug,714,5 blocks without attached citation IDs | Not assigned to a selected topic collection,Not adjudicated
2,drug:darunavir-cobicistat,Darunavir / cobicistat (Prezcobix) ± tenofovir / emtricitabine (Symtuza),drug,743,5 blocks without attached citation IDs | Not assigned to a selected topic collection,Not adjudicated
2,drug:tucatinib,Tucatinib (Tukysa),drug,754,5 blocks without attached citation IDs | Not assigned to a selected topic collection,Not adjudicated
2,drug:ocrelizumab,Ocrelizumab (Ocrevus),drug,760,5 blocks without attached citation IDs | Not assigned to a selected topic collection,Not adjudicated
2,drug:palbociclib,Palbociclib (Ibrance) + CDK4/6 inhibitors,drug,761,5 blocks without attached citation IDs | Not assigned to a selected topic collection,Not adjudicated
2,drug:enzalutamide,Enzalutamide (Xtandi) + apalutamide + darolutamide,drug,794,5 blocks without attached citation IDs | Not assigned to a selected topic collection,Not adjudicated
2,drug:abiraterone,Abiraterone (Zytiga) + enzalutamide adjacency,drug,808,5 blocks without attached citation IDs | Not assigned to a selected topic collection,Not adjudicated
2,drug:cetuximab,Cetuximab (Erbitux),drug,881,5 blocks without attached citation IDs | Not assigned to a selected topic collection,Not adjudicated
2,lab:anti-tpo-antibodies,Anti-TPO Antibodies,lab,157,Source locator review: openrn_labs_round4: search URL (needs a specific supporting source) | Not assigned to a selected topic collection,Not adjudicated
2,lab:sputum-culture,Sputum Culture,lab,157,Source locator review: openrn_labs2: search URL (needs a specific supporting source); openrn_medsurg2: search URL (needs a specific supporting source) | Not assigned to a selected topic collection,Not adjudicated
2,lab:digoxin-level,Digoxin Level,lab,162,Source locator review: openrn_labs2: search URL (needs a specific supporting source); openrn_medsurg2: search URL (needs a specific supporting source) | Not assigned to a selected topic collection,Not adjudicated
2,lab:esr,ESR (Erythrocyte Sedimentation Rate),lab,163,Source locator review: openrn_labs2: search URL (needs a specific supporting source); openrn_medsurg2: search URL (needs a specific supporting source) | Not assigned to a selected topic collection,Not adjudicated
2,lab:beta-hcg,Beta-hCG,lab,174,Source locator review: openrn_labs2: search URL (needs a specific supporting source); openrn_medsurg2: search URL (needs a specific supporting source) | Not assigned to a selected topic collection,Not adjudicated
2,lab:chloride,Chloride (Cl⁻),lab,176,Source locator review: openrn_labs_appendix: search URL (needs a specific supporting source); openrn_medsurg_labs: search URL (needs a specific supporting source) | Not assigned to a selected topic collection,Not adjudicated
2,lab:free-t4,Free T4 (Free Thyroxine),lab,178,Source locator review: openrn_labs2: search URL (needs a specific supporting source); openrn_medsurg2: search URL (needs a specific supporting source) | Not assigned to a selected topic collection,Not adjudicated
2,lab:c-diff-toxin,C. difficile Testing,lab,179,Source locator review: openrn_labs2: search URL (needs a specific supporting source); openrn_medsurg2: search URL (needs a specific supporting source) | Not assigned to a selected topic collection,Not adjudicated
2,lab:crp,C-Reactive Protein,lab,179,Source locator review: openrn_labs_appendix: search URL (needs a specific supporting source); openrn_medsurg_labs: search URL (needs a specific supporting source) | Not assigned to a selected topic collection,Not adjudicated
2,lab:carbamazepine-level,Carbamazepine Level,lab,184,Source locator review: openrn_labs_round5: search URL (needs a specific supporting source) | Not assigned to a selected topic collection,Not adjudicated
2,lab:lipid-panel,Lipid Panel,lab,184,Source locator review: openrn_labs2: search URL (needs a specific supporting source); openrn_medsurg2: search URL (needs a specific supporting source) | Not assigned to a selected topic collection,Not adjudicated
2,lab:cea,Carcinoembryonic Antigen (CEA),lab,188,Source locator review: openrn_labs_round11: search URL (needs a specific supporting source) | Not assigned to a selected topic collection,Not adjudicated
2,lab:pthrp,Parathyroid Hormone-Related Peptide (PTHrP),lab,193,Source locator review: openrn_labs_round13: search URL (needs a specific supporting source) | Not assigned to a selected topic collection,Not adjudicated
2,lab:ldh,Lactate Dehydrogenase,lab,195,Source locator review: openrn_labs_appendix: search URL (needs a specific supporting source); openrn_medsurg_labs: search URL (needs a specific supporting source) | Not assigned to a selected topic collection,Not adjudicated
2,lab:nt-probnp,NT-proBNP,lab,197,Source locator review: openrn_labs_round3: search URL (needs a specific supporting source); openrn_mslabs_round3: search URL (needs a specific supporting source) | Not assigned to a selected topic collection,Not adjudicated
2,lab:ammonia,Ammonia (NH₃),lab,198,Source locator review: openrn_labs_appendix: search URL (needs a specific supporting source); openrn_medsurg_labs: search URL (needs a specific supporting source) | Not assigned to a selected topic collection,Not adjudicated
2,lab:trab-tsi,TSH-Receptor Antibody (TRAb / TSI),lab,200,Source locator review: openrn_labs_round13: search URL (needs a specific supporting source) | Not assigned to a selected topic collection,Not adjudicated
2,lab:tsh,TSH,lab,202,Source locator review: openrn_labs_appendix: search URL (needs a specific supporting source); openrn_medsurg_labs: search URL (needs a specific supporting source) | Not assigned to a selected topic collection,Not adjudicated
2,lab:valproic-acid-level,Valproic Acid Level,lab,202,Source locator review: openrn_labs_round5: search URL (needs a specific supporting source) | Not assigned to a selected topic collection,Not adjudicated
2,lab:vancomycin-trough,Vancomycin Trough / AUC,lab,202,Source locator review: openrn_labs2: search URL (needs a specific supporting source); openrn_medsurg2: search URL (needs a specific supporting source) | Not assigned to a selected topic collection,Not adjudicated
2,lab:blood-culture,Blood Culture,lab,206,Source locator review: openrn_labs2: search URL (needs a specific supporting source); openrn_medsurg2: search URL (needs a specific supporting source) | Not assigned to a selected topic collection,Not adjudicated
2,lab:anti-ccp,Anti-CCP Antibodies,lab,210,Source locator review: openrn_labs_round8: search URL (needs a specific supporting source) | Not assigned to a selected topic collection,Not adjudicated
2,lab:hba1c,HbA1c,lab,214,Source locator review: openrn_labs_appendix: search URL (needs a specific supporting source); openrn_medsurg_labs: search URL (needs a specific supporting source) | Not assigned to a selected topic collection,Not adjudicated
2,lab:free-t3,Free T3 (Triiodothyronine),lab,218,Source locator review: openrn_labs_round4: search URL (needs a specific supporting source) | Not assigned to a selected topic collection,Not adjudicated
2,lab:c-peptide,C-peptide,lab,219,Source locator review: openrn_labs_round6: search URL (needs a specific supporting source) | Not assigned to a selected topic collection,Not adjudicated
2,lab:acth-stimulation-test,ACTH Stimulation (Cosyntropin) Test,lab,222,Source locator review: openrn_labs_round6: search URL (needs a specific supporting source) | Not assigned to a selected topic collection,Not adjudicated
2,lab:bicarbonate,Bicarbonate (HCO₃⁻),lab,222,Source locator review: openrn_labs2: search URL (needs a specific supporting source); openrn_medsurg2: search URL (needs a specific supporting source) | Not assigned to a selected topic collection,Not adjudicated
2,lab:cmv-viral-load,CMV Viral Load (Quantitative PCR),lab,222,Source locator review: openrn_labs_round7: search URL (needs a specific supporting source) | Not assigned to a selected topic collection,Not adjudicated
2,lab:d-dimer,D-dimer,lab,222,Source locator review: openrn_labs_appendix: search URL (needs a specific supporting source); openrn_medsurg_labs: search URL (needs a specific supporting source) | Not assigned to a selected topic collection,Not adjudicated
2,lab:haptoglobin,Haptoglobin,lab,223,Source locator review: openrn_labs_round3: search URL (needs a specific supporting source); openrn_mslabs_round3: search URL (needs a specific supporting source) | Not assigned to a selected topic collection,Not adjudicated
2,lab:ca-19-9,CA 19-9,lab,225,Source locator review: openrn_labs_round12: search URL (needs a specific supporting source) | Not assigned to a selected topic collection,Not adjudicated
2,lab:ferritin,Ferritin & Iron Studies,lab,228,Source locator review: openrn_labs2: search URL (needs a specific supporting source); openrn_medsurg2: search URL (needs a specific supporting source) | Not assigned to a selected topic collection,Not adjudicated
2,lab:hematocrit,Hematocrit (Hct),lab,229,Source locator review: openrn_labs2: search URL (needs a specific supporting source); openrn_medsurg2: search URL (needs a specific supporting source) | Not assigned to a selected topic collection,Not adjudicated
2,lab:serum-osmolality,Serum Osmolality,lab,229,Source locator review: openrn_labs_round4: search URL (needs a specific supporting source) | Not assigned to a selected topic collection,Not adjudicated
2,lab:vitamin-b12,Vitamin B12 (Cobalamin),lab,229,Source locator review: openrn_labs_round3: search URL (needs a specific supporting source); openrn_mslabs_round3: search URL (needs a specific supporting source) | Not assigned to a selected topic collection,Not adjudicated
2,lab:bilirubin,Bilirubin (total / direct),lab,232,Source locator review: openrn_labs_appendix: search URL (needs a specific supporting source); openrn_medsurg_labs: search URL (needs a specific supporting source) | Not assigned to a selected topic collection,Not adjudicated
2,lab:phosphorus,Phosphorus (PO₄),lab,238,Source locator review: openrn_labs_appendix: search URL (needs a specific supporting source); openrn_medsurg_labs: search URL (needs a specific supporting source) | Not assigned to a selected topic collection,Not adjudicated
2,lab:ca-125,CA-125,lab,241,Source locator review: openrn_labs_round8: search URL (needs a specific supporting source) | Not assigned to a selected topic collection,Not adjudicated
2,lab:hemoglobin-a1c,Hemoglobin A1c (HbA1c),lab,243,Source locator review: openrn_labs_round6: search URL (needs a specific supporting source) | Not assigned to a selected topic collection,Not adjudicated
2,lab:aldosterone-renin-ratio,Aldosterone–Renin Ratio (ARR),lab,246,Source locator review: openrn_labs_round6: search URL (needs a specific supporting source) | Not assigned to a selected topic collection,Not adjudicated
2,lab:anti-xa,Anti-Xa Activity,lab,249,Source locator review: openrn_labs_round3: search URL (needs a specific supporting source); openrn_mslabs_round3: search URL (needs a specific supporting source) | Not assigned to a selected topic collection,Not adjudicated
2,lab:ana,Antinuclear Antibody (ANA),lab,251,Source locator review: openrn_labs_round11: search URL (needs a specific supporting source) | Not assigned to a selected topic collection,Not adjudicated
2,lab:salicylate-level,Salicylate Level,lab,252,Source locator review: openrn_labs_round4: search URL (needs a specific supporting source) | Not assigned to a selected topic collection,Not adjudicated
2,lab:phenytoin-level,Phenytoin Level,lab,257,Source locator review: openrn_labs_round5: search URL (needs a specific supporting source) | Not assigned to a selected topic collection,Not adjudicated
2,lab:lithium-level,Lithium Level,lab,261,Source locator review: openrn_labs_round5: search URL (needs a specific supporting source) | Not assigned to a selected topic collection,Not adjudicated
2,lab:mycophenolate-level,Mycophenolic Acid (MPA) Level,lab,263,Source locator review: openrn_labs_round7: search URL (needs a specific supporting source) | Not assigned to a selected topic collection,Not adjudicated
2,lab:tacrolimus-level,Tacrolimus Level (FK506),lab,263,Source locator review: openrn_labs_round4: search URL (needs a specific supporting source) | Not assigned to a selected topic collection,Not adjudicated
2,lab:vitamin-d-25oh,Vitamin D (25-hydroxy),lab,268,Source locator review: openrn_labs_round4: search URL (needs a specific supporting source) | Not assigned to a selected topic collection,Not adjudicated
2,lab:parathyroid-hormone,"Parathyroid Hormone (PTH, intact)",lab,273,Source locator review: openrn_labs_round4: search URL (needs a specific supporting source) | Not assigned to a selected topic collection,Not adjudicated
2,lab:urinalysis,Urinalysis (UA),lab,275,Source locator review: openrn_labs2: search URL (needs a specific supporting source); openrn_medsurg2: search URL (needs a specific supporting source) | Not assigned to a selected topic collection,Not adjudicated
2,lab:sweat-chloride,Sweat Chloride Test,lab,276,Source locator review: openrn_labs_round9: search URL (needs a specific supporting source) | Not assigned to a selected topic collection,Not adjudicated
2,lab:aptt,aPTT,lab,278,Source locator review: openrn_labs_appendix: search URL (needs a specific supporting source); openrn_medsurg_labs: search URL (needs a specific supporting source) | Not assigned to a selected topic collection,Not adjudicated
2,lab:afp,Alpha-Fetoprotein (AFP),lab,279,Source locator review: openrn_labs_round12: search URL (needs a specific supporting source) | Not assigned to a selected topic collection,Not adjudicated
2,lab:psa,Prostate-Specific Antigen (PSA),lab,281,Source locator review: openrn_labs_round11: search URL (needs a specific supporting source) | Not assigned to a selected topic collection,Not adjudicated
2,lab:methylmalonic-acid,Methylmalonic acid (MMA),lab,282,Source locator review: specialty_labs_round18: site root (needs claim-level source review) | Not assigned to a selected topic collection,Not adjudicated
2,lab:reticulocyte-count,Reticulocyte Count,lab,283,Source locator review: openrn_labs_round3: search URL (needs a specific supporting source); openrn_mslabs_round3: search URL (needs a specific supporting source) | Not assigned to a selected topic collection,Not adjudicated
2,lab:acetaminophen-level,Acetaminophen Level,lab,289,Source locator review: openrn_labs_round4: search URL (needs a specific supporting source) | Not assigned to a selected topic collection,Not adjudicated
2,lab:fibrinogen,Fibrinogen,lab,290,Source locator review: openrn_labs_round13: search URL (needs a specific supporting source) | Not assigned to a selected topic collection,Not adjudicated
2,lab:cd4-count,CD4 Cell Count,lab,291,Source locator review: openrn_labs_round7: search URL (needs a specific supporting source) | Not assigned to a selected topic collection,Not adjudicated
2,lab:iron-studies,Iron Studies (Iron / TIBC / Saturation),lab,293,Source locator review: openrn_labs_round3: search URL (needs a specific supporting source); openrn_mslabs_round3: search URL (needs a specific supporting source) | Not assigned to a selected topic collection,Not adjudicated
2,lab:hepatitis-b-panel,Hepatitis B Panel,lab,294,Source locator review: openrn_labs_round3: search URL (needs a specific supporting source); openrn_mslabs_round3: search URL (needs a specific supporting source) | Not assigned to a selected topic collection,Not adjudicated
2,lab:spep-upep,Serum + Urine Protein Electrophoresis (SPEP / UPEP),lab,301,Source locator review: openrn_labs_round12: search URL (needs a specific supporting source) | Not assigned to a selected topic collection,Not adjudicated
2,lab:newborn-metabolic-screen,Newborn Metabolic Screen,lab,306,Source locator review: openrn_labs_round9: search URL (needs a specific supporting source) | Not assigned to a selected topic collection,Not adjudicated
2,lab:rpr-treponemal,RPR / VDRL + Treponemal Testing,lab,308,Source locator review: openrn_labs_round10: search URL (needs a specific supporting source) | Not assigned to a selected topic collection,Not adjudicated
2,lab:uric-acid,Uric Acid (Serum),lab,321,Source locator review: openrn_labs_round8: search URL (needs a specific supporting source) | Not assigned to a selected topic collection,Not adjudicated
2,lab:anion-gap,Anion Gap,lab,322,Source locator review: openrn_labs_round10: search URL (needs a specific supporting source) | Not assigned to a selected topic collection,Not adjudicated
2,lab:carboxyhemoglobin,Carboxyhemoglobin (COHb) — CO poisoning,lab,348,Source locator review: cdc_lpr_round34: site root (needs claim-level source review); specialty_lpr_round34: site root (needs claim-level source review) | Not assigned to a selected topic collection,Not adjudicated
2,lab:methemoglobinemia-monitoring,Methemoglobin (MetHb) — methemoglobinemia,lab,354,Source locator review: cdc_lpr_round34: site root (needs claim-level source review); specialty_lpr_round34: site root (needs claim-level source review) | Not assigned to a selected topic collection,Not adjudicated
2,lab:lead-level,Blood Lead Level (Pediatric),lab,367,Source locator review: openrn_labs_round9: search URL (needs a specific supporting source) | Not assigned to a selected topic collection,Not adjudicated
2,lab:lactate-dehydrogenase,Lactate dehydrogenase (LDH),lab,370,Source locator review: specialty_labs_round18: site root (needs claim-level source review) | Not assigned to a selected topic collection,Not adjudicated
2,lab:uds,Urine Drug Screen (UDS),lab,382,Source locator review: openrn_labs_round10: search URL (needs a specific supporting source) | Not assigned to a selected topic collection,Not adjudicated
2,lab:venous-blood-gas,Venous blood gas (VBG),lab,389,Source locator review: specialty_labs_round17: site root (needs claim-level source review) | Not assigned to a selected topic collection,Not adjudicated
2,lab:beta-hydroxybutyrate,Beta-hydroxybutyrate (β-OHB),lab,402,Source locator review: specialty_labs_round17: site root (needs claim-level source review) | Not assigned to a selected topic collection,Not adjudicated
2,lab:vancomycin-aud-trough-monitoring,Vancomycin therapeutic drug monitoring (AUC/MIC + trough),lab,403,Source locator review: cdc_lpr_round34: site root (needs claim-level source review); specialty_lpr_round34: site root (needs claim-level source review) | Not assigned to a selected topic collection,Not adjudicated
2,lab:b12-folate,Vitamin B12 + folate,lab,411,Source locator review: specialty_labs_round18: site root (needs claim-level source review) | Not assigned to a selected topic collection,Not adjudicated
2,lab:arterial-blood-gas,Arterial blood gas (ABG),lab,429,Source locator review: specialty_labs_round17: site root (needs claim-level source review) | Not assigned to a selected topic collection,Not adjudicated
2,lab:urine-drug-screen,Urine drug screen (UDS) — toxicology,lab,531,Source locator review: cdc_lpr_round35: site root (needs claim-level source review); specialty_lpr_round35: site root (needs claim-level source review) | Not assigned to a selected topic collection,Not adjudicated
2,lab:tdm-narrow-therapeutic-index,Therapeutic drug monitoring — narrow therapeutic index reference,lab,601,Source locator review: cdc_lpr_round35: site root (needs claim-level source review); specialty_lpr_round35: site root (needs claim-level source review) | Not assigned to a selected topic collection,Not adjudicated
2,lab:neonatal-bilirubin-monitoring,Neonatal bilirubin monitoring (TSB + Bhutani nomogram),lab,630,Source locator review: cdc_lpr38: site root (needs claim-level source review); specialty_lpr38: site root (needs claim-level source review) | Not assigned to a selected topic collection,Not adjudicated
2,lab:newborn-screening-panel,Newborn screening (state-mandated heel stick),lab,680,Source locator review: cdc_lpr38: site root (needs claim-level source review); specialty_lpr38: site root (needs claim-level source review) | Not assigned to a selected topic collection,Not adjudicated
2,procedure:ear-drops,Ear drops administration,procedure,208,Source locator review: openrn_skills2: search URL (needs a specific supporting source) | Not assigned to a selected topic collection,Not adjudicated
2,procedure:incentive-spirometry,Incentive spirometry,procedure,231,Source locator review: openrn_skills2: search URL (needs a specific supporting source),Not adjudicated
2,procedure:ng-tube-removal,Nasogastric tube removal,procedure,235,Source locator review: openrn_skills2: search URL (needs a specific supporting source) | Not assigned to a selected topic collection,Not adjudicated
2,procedure:orthostatic-vitals,Orthostatic vital signs,procedure,239,Source locator review: openrn_skills2: search URL (needs a specific supporting source),Not adjudicated
2,procedure:eye-drops,Eye drops administration,procedure,248,Source locator review: openrn_skills2: search URL (needs a specific supporting source),Not adjudicated
2,procedure:pulse-oximetry,Pulse oximetry (SpO₂),procedure,265,Source locator review: openrn_skills2: search URL (needs a specific supporting source),Not adjudicated
2,procedure:enema,Enema administration,procedure,278,Source locator review: openrn_skills2: search URL (needs a specific supporting source) | Not assigned to a selected topic collection,Not adjudicated
2,procedure:foley-removal,Indwelling urinary catheter removal,procedure,280,Source locator review: openrn_skills2: search URL (needs a specific supporting source),Not adjudicated
2,procedure:activated-charcoal,Activated charcoal administration,procedure,332,Source locator review: openrn_skills_round10: search URL (needs a specific supporting source) | Not assigned to a selected topic collection,Not adjudicated
2,procedure:restraints,Restraint application,procedure,337,Source locator review: cdc_clinical: site root (needs claim-level source review) | Not assigned to a selected topic collection,Not adjudicated
2,procedure:transcutaneous-pacing,Transcutaneous pacing (TCP),procedure,339,Source locator review: aha_acls_r40: site root (needs claim-level source review),Not adjudicated
2,procedure:surgical-time-out,Surgical time-out (Universal Protocol),procedure,342,Source locator review: tjc_up_r40: site root (needs claim-level source review),Not adjudicated
2,procedure:ppe-don-doff,PPE donning and doffing,procedure,349,Source locator review: openrn_skills2: search URL (needs a specific supporting source),Not adjudicated
2,procedure:bladder-scan,Bladder scan (portable ultrasound),procedure,350,Source locator review: openrn_skills_round4: search URL (needs a specific supporting source),Not adjudicated
2,procedure:clean-catch-urine,Clean-catch urine specimen,procedure,355,Source locator review: openrn_skills_book: search URL (needs a specific supporting source) | Check absent sections: Contraindications,Not adjudicated
2,procedure:pca-setup,PCA pump setup and management,procedure,359,Source locator review: openrn_skills2: search URL (needs a specific supporting source),Not adjudicated
2,procedure:nst-interpretation,Non-stress test (NST) setup and interpretation,procedure,367,Source locator review: openrn_skills_round9: search URL (needs a specific supporting source) | Not assigned to a selected topic collection,Not adjudicated
2,procedure:ostomy-care,Ostomy care and pouch change,procedure,373,Source locator review: openrn_skills2: search URL (needs a specific supporting source),Not adjudicated
2,procedure:bipap-setup,BiPAP / NIPPV setup and management,procedure,374,Source locator review: openrn_skills_round11: search URL (needs a specific supporting source) | Not assigned to a selected topic collection,Not adjudicated
2,procedure:intraosseous-access,Intraosseous (IO) access,procedure,378,Source locator review: aha_acls_r40: site root (needs claim-level source review),Not adjudicated
2,procedure:wound-culture,Wound culture collection,procedure,379,Source locator review: openrn_skills_round5: search URL (needs a specific supporting source) | Not assigned to a selected topic collection,Not adjudicated
2,procedure:abg-sampling,Arterial blood gas (ABG) sampling,procedure,383,Source locator review: cdc_r40: site root (needs claim-level source review),Not adjudicated
2,procedure:oxygen-administration,Oxygen administration,procedure,385,Source locator review: openrn_skills2: search URL (needs a specific supporting source),Not adjudicated
2,procedure:synchronized-cardioversion,Synchronized cardioversion preparation,procedure,387,Source locator review: openrn_skills_round11: search URL (needs a specific supporting source) | Not assigned to a selected topic collection,Not adjudicated
2,procedure:traction-setup,Traction setup (skin / skeletal),procedure,387,Source locator review: openrn_skills_round8: search URL (needs a specific supporting source),Not adjudicated
2,procedure:arthrocentesis-assist,Joint aspiration assist (arthrocentesis),procedure,389,Source locator review: openrn_skills_round8: search URL (needs a specific supporting source) | Not assigned to a selected topic collection,Not adjudicated
2,procedure:enteral-medication-tube,Medication administration via enteral feeding tube,procedure,390,Source locator review: ismp_r40: site root (needs claim-level source review),Not adjudicated
2,procedure:icp-evd-management,ICP monitoring + EVD management,procedure,391,Source locator review: openrn_skills_round13: search URL (needs a specific supporting source) | Not assigned to a selected topic collection,Not adjudicated
2,procedure:thoracentesis-assist,Thoracentesis assist,procedure,396,Source locator review: openrn_skills_round6: search URL (needs a specific supporting source) | Not assigned to a selected topic collection,Not adjudicated
2,procedure:adult-bls,Adult basic life support (BLS),procedure,397,Source locator review: openrn_skills2: search URL (needs a specific supporting source); aha_bls_concept: site root (needs claim-level source review),Not adjudicated
2,procedure:continuous-bladder-irrigation,Continuous bladder irrigation (CBI),procedure,397,Source locator review: openrn_skills_round3: search URL (needs a specific supporting source),Not adjudicated
2,procedure:blood-culture-collection,Blood culture collection,procedure,398,Source locator review: openrn_skills_round6: search URL (needs a specific supporting source),Not adjudicated
2,procedure:naloxone-administration,Naloxone administration (clinical + community),procedure,398,Source locator review: openrn_skills_round10: search URL (needs a specific supporting source) | Not assigned to a selected topic collection,Not adjudicated
2,procedure:oral-suctioning,Oropharyngeal suctioning,procedure,398,Source locator review: openrn_skills_book: search URL (needs a specific supporting source) | Not assigned to a selected topic collection,Not adjudicated
2,procedure:wound-vac,Negative pressure wound therapy (Wound VAC),procedure,412,Source locator review: openrn_skills2: search URL (needs a specific supporting source),Not adjudicated
2,procedure:crrt-setup,Continuous renal replacement therapy (CRRT) setup,procedure,415,Source locator review: openrn_skills_round12: search URL (needs a specific supporting source),Not adjudicated
2,procedure:sterile-gloving,Sterile gloving,procedure,419,"Source locator review: openrn_skills_book: search URL (needs a specific supporting source) | Check absent sections: Contraindications, Documentation | Not assigned to a selected topic collection",Not adjudicated
2,procedure:pa-catheter-management,Pulmonary artery (Swan-Ganz) catheter management,procedure,427,Source locator review: openrn_skills_round12: search URL (needs a specific supporting source) | Not assigned to a selected topic collection,Not adjudicated
2,procedure:de-escalation,De-escalation of behavioral emergency,procedure,429,Source locator review: openrn_skills_round13: search URL (needs a specific supporting source) | Not assigned to a selected topic collection,Not adjudicated
2,procedure:iv-push-medication,IV push (bolus) medication administration,procedure,436,Source locator review: ismp_r40: site root (needs claim-level source review); cdc_r40: site root (needs claim-level source review),Not adjudicated
2,procedure:wound-dressing-change,Wound dressing change,procedure,446,Source locator review: openrn_skills_book: search URL (needs a specific supporting source) | Check absent sections: Contraindications,Not adjudicated
2,procedure:twelve-lead-ecg,12-lead ECG placement,procedure,447,Source locator review: openrn_skills_finish: search URL (needs a specific supporting source) | Check absent sections: Contraindications | Not assigned to a selected topic collection,Not adjudicated
2,procedure:subcutaneous-injection,Subcutaneous injection,procedure,449,Source locator review: openrn_skills_book: search URL (needs a specific supporting source) | Check absent sections: Contraindications,Not adjudicated
2,procedure:heel-stick-newborn,Heel stick (newborn capillary blood),procedure,452,Source locator review: openrn_skills_round4: search URL (needs a specific supporting source) | Not assigned to a selected topic collection,Not adjudicated
2,procedure:mdi-inhaler-teaching,MDI inhaler teaching (with spacer),procedure,453,Source locator review: openrn_skills_round7: search URL (needs a specific supporting source); openrn_ha_round7_proc: search URL (needs a specific supporting source),Not adjudicated
2,procedure:cast-care,Cast care + neurovascular checks,procedure,456,Source locator review: openrn_skills_round8: search URL (needs a specific supporting source),Not adjudicated
2,procedure:paracentesis-assist,Paracentesis assist,procedure,459,Source locator review: openrn_skills_round6: search URL (needs a specific supporting source),Not adjudicated
2,procedure:sti-specimen-collection,STI specimen collection,procedure,462,Source locator review: openrn_skills_round10: search URL (needs a specific supporting source) | Not assigned to a selected topic collection,Not adjudicated
2,procedure:scd-application,Sequential compression device application,procedure,463,Source locator review: openrn_skills_finish: search URL (needs a specific supporting source); openrn_medsurg_finish: search URL (needs a specific supporting source) | Not assigned to a selected topic collection,Not adjudicated
2,procedure:ng-tube-insertion,NG tube insertion (nasogastric),procedure,466,Source locator review: openrn_skills_round7: search URL (needs a specific supporting source) | Not assigned to a selected topic collection,Not adjudicated
2,procedure:medication-reconciliation,Medication reconciliation,procedure,469,Source locator review: cdc_lpr_round34: site root (needs claim-level source review); specialty_lpr_round34: site root (needs claim-level source review) | Not assigned to a selected topic collection,Not adjudicated
2,procedure:tracheal-suctioning,Tracheal suctioning,procedure,472,Source locator review: openrn_skills_finish: search URL (needs a specific supporting source) | Not assigned to a selected topic collection,Not adjudicated
2,procedure:tpn-administration,Total parenteral nutrition (TPN) administration,procedure,473,Source locator review: openrn_skills_round12: search URL (needs a specific supporting source),Not adjudicated
2,procedure:suicide-precautions,Suicide precautions / 1:1 observation,procedure,476,Source locator review: openrn_mh_round5_proc: search URL (needs a specific supporting source); columbia_concept_round5: site root (needs claim-level source review),Not adjudicated
2,procedure:mechanical-lift,Mechanical lift use (Hoyer / sit-to-stand),procedure,480,Source locator review: openrn_skills_round4: search URL (needs a specific supporting source),Not adjudicated
2,procedure:capillary-blood-glucose,Capillary blood glucose,procedure,485,Source locator review: openrn_skills_book: search URL (needs a specific supporting source) | Check absent sections: Contraindications,Not adjudicated
2,procedure:burn-wound-care,Burn wound care + dressing change,procedure,487,Source locator review: openrn_skills_round7: search URL (needs a specific supporting source),Not adjudicated
2,procedure:chest-tube-care,Chest tube care,procedure,489,Source locator review: openrn_medsurg_finish: search URL (needs a specific supporting source) | Check absent sections: Contraindications,Not adjudicated
2,procedure:newborn-assessment,Newborn assessment (head-to-toe + gestational age),procedure,491,Source locator review: openrn_skills_round9: search URL (needs a specific supporting source),Not adjudicated
2,procedure:fundal-massage,Fundal massage + postpartum perineal / lochia assessment,procedure,495,Source locator review: openrn_skills_round9: search URL (needs a specific supporting source),Not adjudicated
2,procedure:im-injection,Intramuscular injection,procedure,507,Source locator review: openrn_skills_book: search URL (needs a specific supporting source),Not adjudicated
2,procedure:ambulatory-aid-teaching,"Ambulatory aid teaching — crutches, walker, cane",procedure,509,Source locator review: openrn_skills_round4: search URL (needs a specific supporting source),Not adjudicated
2,procedure:jejunostomy-tube-care,Jejunostomy (J-tube) management,procedure,528,Source locator review: cdc_p37a: site root (needs claim-level source review); specialty_p37a: site root (needs claim-level source review),Not adjudicated
2,procedure:chest-tube-insertion,Chest tube insertion assist,procedure,539,Source locator review: openrn_skills_round11: search URL (needs a specific supporting source) | Not assigned to a selected topic collection,Not adjudicated
2,procedure:lumbar-drain-management,Lumbar drain management,procedure,539,Source locator review: cdc_p37b: site root (needs claim-level source review); specialty_p37b: site root (needs claim-level source review) | Not assigned to a selected topic collection,Not adjudicated
2,procedure:pediatric-iv-start,Pediatric IV start (peripheral),procedure,543,Source locator review: openrn_skills_round5: search URL (needs a specific supporting source),Not adjudicated
2,procedure:postmortem-care,Postmortem care,procedure,563,Source locator review: openrn_skills_round3: search URL (needs a specific supporting source) | Not assigned to a selected topic collection,Not adjudicated
2,procedure:tracheostomy-care,Tracheostomy care,procedure,566,Source locator review: openrn_skills_book: search URL (needs a specific supporting source),Not adjudicated
2,procedure:midline-catheter-care,Midline catheter insertion + care,procedure,568,Source locator review: cdc_p37b: site root (needs claim-level source review); specialty_p37b: site root (needs claim-level source review) | Not assigned to a selected topic collection,Not adjudicated
2,procedure:rapid-response-team-activation,Rapid response team (RRT) activation,procedure,597,Source locator review: cdc_lpr_round35: site root (needs claim-level source review); specialty_lpr_round35: site root (needs claim-level source review) | Not assigned to a selected topic collection,Not adjudicated
2,procedure:foley-catheter-management,Foley (indwelling urinary) catheter management,procedure,613,Source locator review: cdc_p37b: site root (needs claim-level source review); specialty_p37b: site root (needs claim-level source review),Not adjudicated
2,procedure:ivig-infusion-care,IV immunoglobulin (IVIG) infusion nursing care,procedure,631,Source locator review: cdc_pr_round31: site root (needs claim-level source review) | Not assigned to a selected topic collection,Not adjudicated
2,procedure:central-line-removal-procedure,Central line removal procedure,procedure,634,Source locator review: cdc_p37a: site root (needs claim-level source review); specialty_p37a: site root (needs claim-level source review) | Not assigned to a selected topic collection,Not adjudicated
2,procedure:hazardous-drug-handling-usp-800,Hazardous drug handling (USP <800>),procedure,634,Source locator review: cdc_lpr_round34: site root (needs claim-level source review); specialty_lpr_round34: site root (needs claim-level source review) | Not assigned to a selected topic collection,Not adjudicated
2,procedure:forensic-evidence-chain-of-custody,Forensic evidence collection + chain of custody,procedure,641,Source locator review: cdc_lpr_round34: site root (needs claim-level source review); specialty_lpr_round34: site root (needs claim-level source review) | Not assigned to a selected topic collection,Not adjudicated
2,procedure:intubation-assist,Endotracheal intubation assist (RN role),procedure,667,Source locator review: openrn_skills_round3: search URL (needs a specific supporting source); aha_round3: site root (needs claim-level source review),Not adjudicated
2,procedure:ekg-12-lead-procedure,12-lead EKG procedure,procedure,671,Source locator review: cdc_p37a: site root (needs claim-level source review); specialty_p37a: site root (needs claim-level source review),Not adjudicated
2,procedure:code-blue-response,Code blue / in-hospital cardiac arrest response,procedure,678,Source locator review: cdc_lpr_round35: site root (needs claim-level source review); specialty_lpr_round35: site root (needs claim-level source review) | Not assigned to a selected topic collection,Not adjudicated
2,procedure:mechanical-thrombectomy-care,Mechanical thrombectomy nursing care (acute ischemic stroke),procedure,680,Source locator review: cdc_pr_round31: site root (needs claim-level source review),Not adjudicated
2,procedure:root-cause-analysis-process,Root cause analysis (RCA) process,procedure,713,Source locator review: cdc_lpr_round35: site root (needs claim-level source review); specialty_lpr_round35: site root (needs claim-level source review) | Not assigned to a selected topic collection,Not adjudicated
2,procedure:epidural-catheter-management,Epidural catheter management,procedure,723,Source locator review: cdc_p37b: site root (needs claim-level source review); specialty_p37b: site root (needs claim-level source review),Not adjudicated
2,procedure:lumbar-puncture-assist,Lumbar puncture (LP) — nursing assist,procedure,729,Source locator review: cdc_p37a: site root (needs claim-level source review); specialty_p37a: site root (needs claim-level source review),Not adjudicated
2,procedure:pca-pump-management,PCA (patient-controlled analgesia) pump management,procedure,756,Source locator review: cdc_p37b: site root (needs claim-level source review); specialty_p37b: site root (needs claim-level source review) | Not assigned to a selected topic collection,Not adjudicated
2,procedure:ici-monitoring,Immune checkpoint inhibitor (ICI) monitoring + irAE assessment,procedure,801,Source locator review: cdc_pr_round33: site root (needs claim-level source review),Not adjudicated
2,procedure:radiation-therapy-nursing-care,Radiation therapy nursing care,procedure,809,Source locator review: cdc_pr_round33: site root (needs claim-level source review),Not adjudicated
2,procedure:pediatric-medication-administration,Pediatric medication administration,procedure,846,Source locator review: cdc_lpr38: site root (needs claim-level source review); specialty_lpr38: site root (needs claim-level source review) | Not assigned to a selected topic collection,Not adjudicated
2,procedure:pediatric-iv-insertion,Pediatric IV insertion,procedure,848,Source locator review: cdc_lpr38: site root (needs claim-level source review); specialty_lpr38: site root (needs claim-level source review) | Not assigned to a selected topic collection,Not adjudicated
2,procedure:brain-death-determination,Brain death (death by neurologic criteria) determination,procedure,849,Source locator review: cdc_pr_round31: site root (needs claim-level source review) | Not assigned to a selected topic collection,Not adjudicated
2,procedure:neonatal-resuscitation-nrp,Neonatal resuscitation (NRP),procedure,904,Source locator review: cdc_lpr38: site root (needs claim-level source review); specialty_lpr38: site root (needs claim-level source review) | Not assigned to a selected topic collection,Not adjudicated
2,reference:aflutter-reference,Atrial flutter,reference,154,Source locator review: openrn_ecg: search URL (needs a specific supporting source); aha_ecg: site root (needs claim-level source review) | 9 blocks without attached citation IDs | Not assigned to a selected topic collection,Not adjudicated
2,reference:vital-signs-age,Vital signs by age,reference,154,21 blocks without attached citation IDs,Not adjudicated
2,reference:sinus-rhythm-reference,"Sinus rhythms — normal, brady, tachy, arrhythmia",reference,174,Source locator review: openrn_ecg: search URL (needs a specific supporting source); aha_ecg: site root (needs claim-level source review) | 13 blocks without attached citation IDs | Not assigned to a selected topic collection,Not adjudicated
2,reference:gcs-detail,Glasgow Coma Scale (GCS),reference,180,Source locator review: openrn_scales: search URL (needs a specific supporting source); gcs_concept: site root (needs claim-level source review) | 20 blocks without attached citation IDs,Not adjudicated
2,reference:do-not-use-abbreviations,Do-not-use abbreviations,reference,187,6 blocks without attached citation IDs | Not assigned to a selected topic collection,Not adjudicated
2,reference:vf-reference,Ventricular fibrillation (VF),reference,195,Source locator review: openrn_ecg: search URL (needs a specific supporting source); aha_ecg: site root (needs claim-level source review) | 5 blocks without attached citation IDs | Not assigned to a selected topic collection,Not adjudicated
2,reference:ckd-staging,CKD staging (KDIGO),reference,221,Source locator review: openrn_scales: search URL (needs a specific supporting source) | 9 blocks without attached citation IDs,Not adjudicated
2,reference:vt-reference,Ventricular tachycardia (VT),reference,227,Source locator review: openrn_ecg: search URL (needs a specific supporting source); aha_ecg: site root (needs claim-level source review) | 9 blocks without attached citation IDs | Not assigned to a selected topic collection,Not adjudicated
2,reference:svt-reference,Supraventricular tachycardia (SVT),reference,231,Source locator review: openrn_ecg: search URL (needs a specific supporting source); aha_ecg: site root (needs claim-level source review) | 10 blocks without attached citation IDs | Not assigned to a selected topic collection,Not adjudicated
2,reference:pediatric-vitals,Pediatric vital signs by age,reference,237,Source locator review: openrn_ref_2: search URL (needs a specific supporting source) | 16 blocks without attached citation IDs,Not adjudicated
2,reference:kdigo-aki-staging,KDIGO AKI staging,reference,238,Source locator review: openrn_ha_round6_proc: search URL (needs a specific supporting source) | 15 blocks without attached citation IDs,Not adjudicated
2,reference:breast-cancer-screening,Breast cancer screening,reference,239,Source locator review: openrn_ha_round8_proc: search URL (needs a specific supporting source) | 10 blocks without attached citation IDs | Not assigned to a selected topic collection,Not adjudicated
2,reference:pain-scales,Pain assessment scales,reference,240,5 blocks without attached citation IDs,Not adjudicated
2,reference:fetal-heart-rate,Fetal heart rate categories (NICHD),reference,243,Source locator review: openrn_maternity: search URL (needs a specific supporting source) | 10 blocks without attached citation IDs,Not adjudicated
2,reference:maternal-vital-signs,Maternal vital signs in pregnancy,reference,243,Source locator review: openrn_maternity: search URL (needs a specific supporting source) | 12 blocks without attached citation IDs,Not adjudicated
2,reference:antenatal-corticosteroids,Antenatal corticosteroids — fetal lung maturity,reference,245,Source locator review: openrn_ob_drugs: search URL (needs a specific supporting source) | 7 blocks without attached citation IDs | Not assigned to a selected topic collection,Not adjudicated
2,reference:av-blocks-reference,"AV blocks — 1st, 2nd type I, 2nd type II, 3rd",reference,246,Source locator review: openrn_ecg: search URL (needs a specific supporting source); aha_ecg: site root (needs claim-level source review) | 16 blocks without attached citation IDs,Not adjudicated
2,reference:postpartum-assessment-bubblele,Postpartum assessment — BUBBLE-LE,reference,247,Source locator review: openrn_maternity: search URL (needs a specific supporting source) | 8 blocks without attached citation IDs,Not adjudicated
2,reference:chadsvasc-score,CHA₂DS₂-VASc score,reference,255,Source locator review: openrn_ha_round6_proc: search URL (needs a specific supporting source) | 19 blocks without attached citation IDs | Not assigned to a selected topic collection,Not adjudicated
2,reference:nyha-classification,NYHA Functional Classification of Heart Failure,reference,257,Source locator review: openrn_scales: search URL (needs a specific supporting source); nyha_concept: site root (needs claim-level source review) | 12 blocks without attached citation IDs | Not assigned to a selected topic collection,Not adjudicated
2,reference:braden-scale,Braden Scale for pressure injury risk,reference,260,Source locator review: openrn_scales: search URL (needs a specific supporting source); braden_concept: site root (needs claim-level source review) | 11 blocks without attached citation IDs,Not adjudicated
2,reference:wells-criteria-pe,Wells criteria for pulmonary embolism,reference,261,Source locator review: openrn_ha_round6_proc: search URL (needs a specific supporting source) | 12 blocks without attached citation IDs | Not assigned to a selected topic collection,Not adjudicated
2,reference:afib-reference,Atrial fibrillation,reference,264,Source locator review: openrn_ecg: search URL (needs a specific supporting source); aha_ecg: site root (needs claim-level source review) | 10 blocks without attached citation IDs | Not assigned to a selected topic collection,Not adjudicated
2,reference:morse-falls,Morse Fall Scale,reference,264,Source locator review: openrn_scales: search URL (needs a specific supporting source) | 9 blocks without attached citation IDs,Not adjudicated
2,reference:cervical-cancer-screening,Cervical cancer screening,reference,269,Source locator review: openrn_ha_round8_proc: search URL (needs a specific supporting source) | 16 blocks without attached citation IDs | Not assigned to a selected topic collection,Not adjudicated
2,reference:pain-scales-detail,Pain assessment scales,reference,269,Source locator review: openrn_scales: search URL (needs a specific supporting source); pain_scales_concept: site root (needs claim-level source review) | 17 blocks without attached citation IDs | Not assigned to a selected topic collection,Not adjudicated
2,reference:npsgs,National Patient Safety Goals (NPSGs),reference,271,Source locator review: ahrq_ref_2: site root (needs claim-level source review) | 8 blocks without attached citation IDs | Not assigned to a selected topic collection,Not adjudicated
2,reference:preeclampsia-reference,Preeclampsia,reference,271,Source locator review: openrn_maternity: search URL (needs a specific supporting source) | Not assigned to a selected topic collection,Not adjudicated
2,reference:burn-tbsa-estimation,Burn TBSA estimation,reference,272,Source locator review: openrn_ha_round7_proc: search URL (needs a specific supporting source) | 23 blocks without attached citation IDs | Not assigned to a selected topic collection,Not adjudicated
2,reference:child-pugh-meld,Child-Pugh and MELD scores,reference,277,Source locator review: openrn_ha_round6_proc: search URL (needs a specific supporting source) | 17 blocks without attached citation IDs | Not assigned to a selected topic collection,Not adjudicated
2,reference:adult-immunization-schedule,Adult immunization schedule,reference,278,12 blocks without attached citation IDs | Not assigned to a selected topic collection,Not adjudicated
2,reference:confused-drug-names,Look-alike / sound-alike drug names,reference,278,15 blocks without attached citation IDs,Not adjudicated
2,reference:apgar-score,Apgar score,reference,285,Source locator review: openrn_maternity_nicu: search URL (needs a specific supporting source) | 8 blocks without attached citation IDs,Not adjudicated
2,reference:universal-protocol,Universal Protocol & surgical time-out,reference,285,Source locator review: ahrq_ref_2: site root (needs claim-level source review) | Not assigned to a selected topic collection,Not adjudicated
2,reference:neonatal-vital-signs,Neonatal vital signs,reference,286,Source locator review: openrn_maternity_nicu: search URL (needs a specific supporting source) | 18 blocks without attached citation IDs | Not assigned to a selected topic collection,Not adjudicated
2,reference:nihss-reference,NIH Stroke Scale (NIHSS),reference,286,Source locator review: openrn_scales: search URL (needs a specific supporting source) | 17 blocks without attached citation IDs | Not assigned to a selected topic collection,Not adjudicated
2,reference:croup-reference,Croup (laryngotracheobronchitis),reference,287,Source locator review: openrn_peds: search URL (needs a specific supporting source) | 9 blocks without attached citation IDs | Not assigned to a selected topic collection,Not adjudicated
2,reference:ecg-12-lead-basics,12-Lead ECG basics,reference,288,Source locator review: openrn_ecg: search URL (needs a specific supporting source); aha_ecg: site root (needs claim-level source review) | 20 blocks without attached citation IDs,Not adjudicated
2,reference:tnm-staging,TNM cancer staging overview,reference,289,Source locator review: openrn_ha_round12_proc: search URL (needs a specific supporting source) | 22 blocks without attached citation IDs | Not assigned to a selected topic collection,Not adjudicated
2,reference:cows-reference,COWS (Clinical Opiate Withdrawal Scale),reference,290,Source locator review: openrn_scales: search URL (needs a specific supporting source) | 15 blocks without attached citation IDs,Not adjudicated
2,reference:error-prone-abbreviations,Error-prone abbreviations,reference,290,15 blocks without attached citation IDs,Not adjudicated
2,reference:dka-vs-hhs,DKA vs HHS — comparison,reference,303,Source locator review: openrn_scales: search URL (needs a specific supporting source) | 11 blocks without attached citation IDs,Not adjudicated
2,reference:neonatal-jaundice,Neonatal jaundice and phototherapy,reference,305,Source locator review: openrn_maternity_nicu: search URL (needs a specific supporting source) | 4 blocks without attached citation IDs,Not adjudicated
2,reference:rass-scale,RASS — Sedation level scoring,reference,305,Source locator review: openrn_icu: search URL (needs a specific supporting source) | 14 blocks without attached citation IDs,Not adjudicated
2,reference:stemi-bundle,STEMI care bundle — door-to-balloon,reference,306,Source locator review: aha_ref: site root (needs claim-level source review); openrn_ref_2: search URL (needs a specific supporting source) | 4 blocks without attached citation IDs | Not assigned to a selected topic collection,Not adjudicated
2,reference:opioid-overdose-reversal,Opioid overdose reversal,reference,312,Source locator review: openrn_ed: search URL (needs a specific supporting source) | 5 blocks without attached citation IDs | Not assigned to a selected topic collection,Not adjudicated
2,reference:visual-acuity-testing,Visual acuity testing,reference,312,Source locator review: openrn_ha_round7_proc: search URL (needs a specific supporting source) | 19 blocks without attached citation IDs | Not assigned to a selected topic collection,Not adjudicated
2,reference:postpartum-hemorrhage-reference,Postpartum hemorrhage (PPH),reference,313,Source locator review: openrn_maternity: search URL (needs a specific supporting source) | 8 blocks without attached citation IDs | Not assigned to a selected topic collection,Not adjudicated
2,reference:rights-of-medication,Rights of medication administration,reference,313,Source locator review: ahrq_ref_2: site root (needs claim-level source review) | 10 blocks without attached citation IDs,Not adjudicated
2,reference:pediatric-fluid-dose,Pediatric weight-based reference values,reference,315,Source locator review: openrn_ha_round13_proc: search URL (needs a specific supporting source) | 19 blocks without attached citation IDs | Not assigned to a selected topic collection,Not adjudicated
2,reference:insulin-types,"Insulin types — onset, peak, duration",reference,318,Source locator review: openrn_ref_2: search URL (needs a specific supporting source) | 12 blocks without attached citation IDs,Not adjudicated
2,reference:nihss,NIH Stroke Scale (NIHSS),reference,318,Source locator review: openrn_ed: search URL (needs a specific supporting source) | 18 blocks without attached citation IDs,Not adjudicated
2,reference:lab-panels,Common lab panels — components,reference,321,Source locator review: openrn_ref_2: search URL (needs a specific supporting source) | 42 blocks without attached citation IDs,Not adjudicated
2,reference:pediatric-vaccine-schedule,Pediatric vaccine schedule (CDC ACIP),reference,322,23 blocks without attached citation IDs | Not assigned to a selected topic collection,Not adjudicated
2,reference:ciwa-ar-reference,CIWA-Ar (Clinical Institute Withdrawal Assessment for Alcohol — revised),reference,323,Source locator review: openrn_scales: search URL (needs a specific supporting source) | 14 blocks without attached citation IDs | Not assigned to a selected topic collection,Not adjudicated
2,reference:neonatal-sepsis,Neonatal sepsis,reference,328,Source locator review: openrn_maternity_nicu: search URL (needs a specific supporting source) | 4 blocks without attached citation IDs | Not assigned to a selected topic collection,Not adjudicated
2,reference:sliding-scale-insulin,Sliding scale insulin (correctional dosing),reference,329,Source locator review: openrn_skills_round4: search URL (needs a specific supporting source) | 11 blocks without attached citation IDs | Not assigned to a selected topic collection,Not adjudicated
2,reference:ncsbn-cjmm,NCSBN Clinical Judgment Measurement Model (CJMM),reference,335,Source locator review: openrn_ha_round10_proc: search URL (needs a specific supporting source) | 19 blocks without attached citation IDs | Not assigned to a selected topic collection,Not adjudicated
2,reference:abg-algorithm,ABG interpretation — step-by-step algorithm,reference,337,Source locator review: openrn_ref_2: search URL (needs a specific supporting source) | 15 blocks without attached citation IDs,Not adjudicated
2,reference:icp-cpp-reference,ICP / CPP / cerebral physiology reference,reference,337,Source locator review: openrn_ha_round13_proc: search URL (needs a specific supporting source) | 23 blocks without attached citation IDs,Not adjudicated
2,reference:do-not-crush,Do not crush — oral medications,reference,342,14 blocks without attached citation IDs,Not adjudicated
2,reference:heart-failure-teaching,Heart failure discharge teaching,reference,348,Source locator review: openrn_teaching: search URL (needs a specific supporting source) | 4 blocks without attached citation IDs,Not adjudicated
2,reference:bronchiolitis-rsv,Bronchiolitis (RSV),reference,350,Source locator review: openrn_peds: search URL (needs a specific supporting source) | 4 blocks without attached citation IDs,Not adjudicated
2,reference:esi-triage,ESI Triage — Levels 1–5,reference,350,5 blocks without attached citation IDs,Not adjudicated
2,reference:pals-summary,Pediatric Advanced Life Support (PALS) summary,reference,353,Source locator review: openrn_ha_round9_proc: search URL (needs a specific supporting source) | 18 blocks without attached citation IDs | Not assigned to a selected topic collection,Not adjudicated
2,reference:centor-mcisaac,Centor + McIsaac criteria for GAS pharyngitis,reference,355,12 blocks without attached citation IDs | Not assigned to a selected topic collection,Not adjudicated
2,reference:lab-tube-colors,Lab tube colors and order of draw,reference,357,Source locator review: openrn_skills_round3: search URL (needs a specific supporting source) | 22 blocks without attached citation IDs,Not adjudicated
2,reference:maternal-early-warning,Maternal early warning systems (MEOWS / MEWS),reference,357,9 blocks without attached citation IDs | Not assigned to a selected topic collection,Not adjudicated
2,reference:chd-overview,Congenital heart disease — cyanotic vs acyanotic overview,reference,359,Source locator review: openrn_ha_round9_proc: search URL (needs a specific supporting source) | 15 blocks without attached citation IDs | Not assigned to a selected topic collection,Not adjudicated
2,reference:chemo-extravasation,Chemotherapy extravasation management,reference,359,12 blocks without attached citation IDs,Not adjudicated
2,reference:pediatric-immunization-schedule,Pediatric immunization schedule (CDC ACIP 2026),reference,359,12 blocks without attached citation IDs | Not assigned to a selected topic collection,Not adjudicated
2,reference:magnesium-ob-protocols,Magnesium sulfate — OB protocols,reference,361,Source locator review: openrn_ob_drugs: search URL (needs a specific supporting source) | 14 blocks without attached citation IDs | Not assigned to a selected topic collection,Not adjudicated
2,reference:mental-status-exam,Mental status exam (MSE),reference,361,Source locator review: openrn_mh_round5_proc: search URL (needs a specific supporting source) | 32 blocks without attached citation IDs,Not adjudicated
2,reference:prone-positioning,Prone positioning in ARDS,reference,362,Source locator review: openrn_icu: search URL (needs a specific supporting source) | 4 blocks without attached citation IDs,Not adjudicated
2,reference:sinusitis-criteria,Sinusitis viral vs bacterial criteria + management,reference,362,3 blocks without attached citation IDs | Not assigned to a selected topic collection,Not adjudicated
2,reference:acls-algorithms,ACLS algorithms — summary,reference,366,Source locator review: aha_ref: site root (needs claim-level source review); openrn_ref_2: search URL (needs a specific supporting source) | 10 blocks without attached citation IDs | Not assigned to a selected topic collection,Not adjudicated
2,reference:ckd-staging-management,CKD staging + KDIGO management,reference,367,9 blocks without attached citation IDs | Not assigned to a selected topic collection,Not adjudicated
2,reference:beers-criteria,AGS Beers Criteria — potentially inappropriate medications in older adults,reference,368,Source locator review: openrn_ha_round7_proc: search URL (needs a specific supporting source) | 24 blocks without attached citation IDs,Not adjudicated
2,reference:ltbi-testing,Latent TB infection (LTBI) testing reference,reference,369,Source locator review: openrn_ha_round10_proc: search URL (needs a specific supporting source) | 22 blocks without attached citation IDs | Not assigned to a selected topic collection,Not adjudicated
2,reference:peds-weight-based-dosing,Pediatric weight-based dosing,reference,370,Source locator review: openrn_peds: search URL (needs a specific supporting source) | 6 blocks without attached citation IDs | Not assigned to a selected topic collection,Not adjudicated
2,reference:peds-resuscitation,Pediatric resuscitation,reference,376,Source locator review: openrn_peds: search URL (needs a specific supporting source) | 11 blocks without attached citation IDs | Not assigned to a selected topic collection,Not adjudicated
2,reference:cancer-screening-summary,Adult cancer screening summary (USPSTF / ACS),reference,377,Source locator review: openrn_ha_round12_proc: search URL (needs a specific supporting source) | 22 blocks without attached citation IDs | Not assigned to a selected topic collection,Not adjudicated
2,reference:high-alert-medications,High-alert medications (ISMP),reference,377,21 blocks without attached citation IDs,Not adjudicated
2,reference:ismp-high-alert,ISMP high-alert medications,reference,379,Source locator review: openrn_skills_round5: search URL (needs a specific supporting source) | 24 blocks without attached citation IDs | Not assigned to a selected topic collection,Not adjudicated
2,reference:shock-classification,Shock classification + initial resuscitation,reference,379,8 blocks without attached citation IDs,Not adjudicated
2,reference:adult-vaccine-schedule,Adult vaccine schedule (CDC ACIP),reference,385,14 blocks without attached citation IDs | Not assigned to a selected topic collection,Not adjudicated
2,reference:contraception-methods,Contraception methods reference,reference,385,Source locator review: openrn_ha_round8_proc: search URL (needs a specific supporting source) | 21 blocks without attached citation IDs | Not assigned to a selected topic collection,Not adjudicated
2,reference:peds-iv-fluids,Pediatric IV fluids — maintenance and resuscitation,reference,391,Source locator review: openrn_pharm_peds: search URL (needs a specific supporting source) | 14 blocks without attached citation IDs | Not assigned to a selected topic collection,Not adjudicated
2,reference:cam-icu-delirium,CAM-ICU — Delirium screening,reference,393,Source locator review: openrn_icu: search URL (needs a specific supporting source) | 7 blocks without attached citation IDs,Not adjudicated
2,reference:maternal-fetal-monitoring,Intrapartum fetal heart rate monitoring,reference,394,16 blocks without attached citation IDs | Not assigned to a selected topic collection,Not adjudicated
2,reference:anticoagulation-teaching,Anticoagulation patient teaching,reference,395,Source locator review: openrn_medsurg: search URL (needs a specific supporting source) | 5 blocks without attached citation IDs,Not adjudicated
2,reference:discharge-teaching-framework,Discharge teaching framework,reference,395,Source locator review: openrn_teaching: search URL (needs a specific supporting source) | 5 blocks without attached citation IDs,Not adjudicated
2,reference:post-op-assessment,Post-op assessment,reference,395,Source locator review: openrn_medsurg: search URL (needs a specific supporting source) | 9 blocks without attached citation IDs,Not adjudicated
2,reference:copd-discharge-teaching,COPD discharge teaching,reference,396,Source locator review: openrn_teaching: search URL (needs a specific supporting source) | 7 blocks without attached citation IDs,Not adjudicated
2,reference:stress-dose-steroid,Adrenal insufficiency stress-dose steroid reference,reference,397,Source locator review: openrn_ha_round13_proc: search URL (needs a specific supporting source) | 14 blocks without attached citation IDs | Not assigned to a selected topic collection,Not adjudicated
2,reference:wound-care-pressure,Pressure injury staging + wound care,reference,399,6 blocks without attached citation IDs | Not assigned to a selected topic collection,Not adjudicated
2,reference:c-ssrs-overview,Columbia C-SSRS overview,reference,400,Source locator review: columbia_concept_round5: site root (needs claim-level source review); openrn_mh_round5_proc: search URL (needs a specific supporting source) | 14 blocks without attached citation IDs,Not adjudicated
2,reference:therapeutic-diets,Therapeutic diets,reference,400,23 blocks without attached citation IDs,Not adjudicated
2,reference:abcdef-bundle,ABCDEF (ICU Liberation) bundle,reference,407,6 blocks without attached citation IDs,Not adjudicated
2,reference:toxidromes-recognition,Toxidromes recognition reference,reference,408,Source locator review: openrn_ha_round10_proc: search URL (needs a specific supporting source) | 28 blocks without attached citation IDs,Not adjudicated
2,reference:targeted-temperature-management,Targeted temperature management (TTM) post-arrest,reference,409,4 blocks without attached citation IDs | Not assigned to a selected topic collection,Not adjudicated
2,reference:oxytocin-ob-protocols,Oxytocin (Pitocin) — OB protocols,reference,414,Source locator review: openrn_ob_drugs: search URL (needs a specific supporting source) | 14 blocks without attached citation IDs | Not assigned to a selected topic collection,Not adjudicated
2,reference:transfusion-reaction-protocol,Transfusion reaction recognition + management,reference,414,12 blocks without attached citation IDs,Not adjudicated
2,reference:death-pronouncement,Death pronouncement and bereavement support,reference,424,Source locator review: openrn_ha_round11_proc: search URL (needs a specific supporting source) | 17 blocks without attached citation IDs | Not assigned to a selected topic collection,Not adjudicated
2,reference:anemia-of-pregnancy,Anemia of pregnancy — workup + management,reference,425,5 blocks without attached citation IDs | Not assigned to a selected topic collection,Not adjudicated
2,reference:lochia-perineum-reference,Lochia and perineal healing (postpartum),reference,426,Source locator review: openrn_ha_round9_proc: search URL (needs a specific supporting source) | 18 blocks without attached citation IDs | Not assigned to a selected topic collection,Not adjudicated
2,reference:peds-analgesic-dosing,Pediatric analgesia & antipyretic dosing,reference,427,Source locator review: openrn_pharm_peds: search URL (needs a specific supporting source) | 16 blocks without attached citation IDs | Not assigned to a selected topic collection,Not adjudicated
2,reference:stages-of-labor,Stages of labor and cardinal movements,reference,428,Source locator review: openrn_ha_round9_proc: search URL (needs a specific supporting source) | 21 blocks without attached citation IDs,Not adjudicated
2,reference:cdc-sti-guidelines-summary,CDC STI Treatment Guidelines summary,reference,436,Source locator review: openrn_ha_round10_proc: search URL (needs a specific supporting source) | 22 blocks without attached citation IDs | Not assigned to a selected topic collection,Not adjudicated
2,reference:npiap-pressure-injury-staging,NPIAP pressure injury staging,reference,436,Source locator review: openrn_ha_round7_proc: search URL (needs a specific supporting source) | 20 blocks without attached citation IDs,Not adjudicated
2,reference:ngn-item-examples,Next Generation NCLEX (NGN) item formats,reference,438,Source locator review: openrn_ha_round12_proc: search URL (needs a specific supporting source) | 21 blocks without attached citation IDs | Not assigned to a selected topic collection,Not adjudicated
2,reference:antidote-quick-reference,Toxicology antidote quick reference,reference,439,22 blocks without attached citation IDs | Not assigned to a selected topic collection,Not adjudicated
2,reference:wound-care-fundamentals,Wound assessment and care,reference,439,Source locator review: openrn_medsurg: search URL (needs a specific supporting source) | 17 blocks without attached citation IDs,Not adjudicated
2,reference:diabetes-self-management-teaching,Diabetes self-management teaching,reference,441,Source locator review: openrn_teaching: search URL (needs a specific supporting source) | 10 blocks without attached citation IDs,Not adjudicated
2,reference:advance-directives-polst,Advance directives + POLST overview,reference,442,Source locator review: openrn_ha_round11_proc: search URL (needs a specific supporting source) | 20 blocks without attached citation IDs,Not adjudicated
2,reference:common-antidotes,Common antidotes reference,reference,444,Source locator review: openrn_skills_round3: search URL (needs a specific supporting source) | 33 blocks without attached citation IDs | Not assigned to a selected topic collection,Not adjudicated
2,reference:uterotonic-ladder,Postpartum uterotonic ladder,reference,444,Source locator review: openrn_ob_drugs: search URL (needs a specific supporting source) | 18 blocks without attached citation IDs | Not assigned to a selected topic collection,Not adjudicated
2,reference:menopause-hrt,Menopause + hormone therapy decision making,reference,447,5 blocks without attached citation IDs | Not assigned to a selected topic collection,Not adjudicated
2,reference:stopp-start,STOPP/START criteria for prescribing in older adults,reference,450,20 blocks without attached citation IDs | Not assigned to a selected topic collection,Not adjudicated
2,reference:chemo-administration-safety,Chemotherapy administration safety,reference,453,Source locator review: openrn_ha_round12_proc: search URL (needs a specific supporting source) | 23 blocks without attached citation IDs,Not adjudicated
2,reference:mechanical-ventilation-basics,Mechanical ventilation basics,reference,453,Source locator review: openrn_icu: search URL (needs a specific supporting source) | 16 blocks without attached citation IDs,Not adjudicated
2,reference:prenatal-genetic-screening,Prenatal genetic screening + diagnosis,reference,454,13 blocks without attached citation IDs | Not assigned to a selected topic collection,Not adjudicated
2,reference:eol-comfort-care,End-of-life comfort care reference,reference,458,Source locator review: openrn_ha_round11_proc: search URL (needs a specific supporting source) | 23 blocks without attached citation IDs,Not adjudicated
2,reference:beta-safer-deescalation,BETA / SAFER de-escalation framework,reference,459,Source locator review: openrn_ha_round13_proc: search URL (needs a specific supporting source) | 20 blocks without attached citation IDs | Not assigned to a selected topic collection,Not adjudicated
2,reference:asthma-step-therapy,Asthma stepwise therapy (GINA 2026),reference,461,17 blocks without attached citation IDs | Not assigned to a selected topic collection,Not adjudicated
2,reference:dysrhythmia-identification,Dysrhythmia identification reference,reference,461,Source locator review: openrn_ha_round11_proc: search URL (needs a specific supporting source) | 22 blocks without attached citation IDs,Not adjudicated
2,reference:percutaneous-vad-impella,Percutaneous ventricular assist devices (Impella),reference,461,4 blocks without attached citation IDs,Not adjudicated
2,reference:crash-cart-contents,Crash cart contents,reference,462,Source locator review: openrn_skills_round3: search URL (needs a specific supporting source); aha_round3: site root (needs claim-level source review) | 43 blocks without attached citation IDs,Not adjudicated
2,reference:nicu-first-day-meds,NICU first-day medications,reference,463,Source locator review: aap_neonatal_general: site root (needs claim-level source review); openrn_pharm_peds: search URL (needs a specific supporting source) | 23 blocks without attached citation IDs | Not assigned to a selected topic collection,Not adjudicated
2,reference:peds-antibiotic-reference,Pediatric antibiotic dosing reference,reference,463,Source locator review: openrn_pharm_peds: search URL (needs a specific supporting source) | 26 blocks without attached citation IDs | Not assigned to a selected topic collection,Not adjudicated
2,reference:red-eye-differential,Red eye differential + when to refer ophthalmology,reference,464,11 blocks without attached citation IDs | Not assigned to a selected topic collection,Not adjudicated
2,reference:vasopressor-selection,Vasopressor + inotrope selection,reference,473,13 blocks without attached citation IDs | Not assigned to a selected topic collection,Not adjudicated
2,reference:trauma-team-activation-criteria,Trauma team activation criteria,reference,475,Source locator review: cdc_cc36c: site root (needs claim-level source review) | 13 blocks without attached citation IDs,Not adjudicated
2,reference:syncope-evaluation,Syncope evaluation,reference,477,Source locator review: cdc_cc36a: site root (needs claim-level source review); specialty_cc36a: site root (needs claim-level source review) | 10 blocks without attached citation IDs | Not assigned to a selected topic collection,Not adjudicated
2,reference:external-ventricular-drain,External ventricular drain (EVD),reference,478,Source locator review: openrn_skills: search URL (needs a specific supporting source) | 10 blocks without attached citation IDs,Not adjudicated
2,reference:blood-transfusion-administration,Blood transfusion administration,reference,480,Source locator review: aabb_transfusion_general: site root (needs claim-level source review); openrn_medsurg: search URL (needs a specific supporting source) | 12 blocks without attached citation IDs | Not assigned to a selected topic collection,Not adjudicated
2,reference:autoimmune-hepatobiliary,Autoimmune hepatobiliary disease overview,reference,481,6 blocks without attached citation IDs | Not assigned to a selected topic collection,Not adjudicated
2,reference:cancer-screening-bundle,Cancer screening bundle (USPSTF + ACS),reference,485,23 blocks without attached citation IDs | Not assigned to a selected topic collection,Not adjudicated
2,reference:allergic-rhinitis-management,Allergic rhinitis stepwise management,reference,491,4 blocks without attached citation IDs | Not assigned to a selected topic collection,Not adjudicated
2,reference:dyspnea-evaluation,Dyspnea / shortness of breath evaluation,reference,494,Source locator review: cdc_cc36a: site root (needs claim-level source review); specialty_cc36a: site root (needs claim-level source review) | 15 blocks without attached citation IDs,Not adjudicated
2,reference:sti-treatment-bundle,STI screening + treatment bundle (CDC 2021),reference,496,15 blocks without attached citation IDs | Not assigned to a selected topic collection,Not adjudicated
2,reference:altered-mental-status-evaluation,Altered mental status (AMS) evaluation,reference,499,Source locator review: cdc_cc36a: site root (needs claim-level source review); specialty_cc36a: site root (needs claim-level source review) | 13 blocks without attached citation IDs,Not adjudicated
2,reference:arterial-line-management,Arterial line management,reference,514,Source locator review: openrn_skills: search URL (needs a specific supporting source) | 10 blocks without attached citation IDs,Not adjudicated
2,reference:iabp-care,Intra-aortic balloon pump (IABP),reference,514,Source locator review: mcs_iabp_physiology: site root (needs claim-level source review) | 6 blocks without attached citation IDs,Not adjudicated
2,reference:wound-dressing-selection,Wound dressing selection guide,reference,516,10 blocks without attached citation IDs,Not adjudicated
2,reference:vasculitis-classification,Vasculitis classification (Chapel Hill 2012 consensus),reference,517,21 blocks without attached citation IDs | Not assigned to a selected topic collection,Not adjudicated
2,reference:sentinel-never-events-reference,Sentinel events + never events,reference,525,Source locator review: cdc_lpr_round35: site root (needs claim-level source review); specialty_lpr_round35: site root (needs claim-level source review) | 21 blocks without attached citation IDs | Not assigned to a selected topic collection,Not adjudicated
2,reference:biologic-safety-monitoring,Biologic + DMARD safety monitoring,reference,533,15 blocks without attached citation IDs | Not assigned to a selected topic collection,Not adjudicated
2,reference:end-of-life-symptom-management,End-of-life symptom management,reference,533,10 blocks without attached citation IDs | Not assigned to a selected topic collection,Not adjudicated
2,reference:acute-confusion-delirium-evaluation,Delirium evaluation (CAM),reference,534,Source locator review: cdc_cc36a: site root (needs claim-level source review); specialty_cc36a: site root (needs claim-level source review) | 13 blocks without attached citation IDs | Not assigned to a selected topic collection,Not adjudicated
2,reference:central-venous-catheter,Central venous catheters (CVC),reference,539,Source locator review: openrn_skills: search URL (needs a specific supporting source) | 8 blocks without attached citation IDs,Not adjudicated
2,reference:chest-pain-evaluation,Chest pain evaluation,reference,548,Source locator review: cdc_cc36a: site root (needs claim-level source review); specialty_cc36a: site root (needs claim-level source review) | 14 blocks without attached citation IDs,Not adjudicated
2,reference:opioid-conversion,Opioid conversion + equianalgesic dosing,reference,548,17 blocks without attached citation IDs | Not assigned to a selected topic collection,Not adjudicated
2,reference:regional-anesthesia-epidural-reference,Regional anesthesia + epidural reference,reference,549,Source locator review: cdc_p37b: site root (needs claim-level source review); specialty_p37b: site root (needs claim-level source review) | 19 blocks without attached citation IDs | Not assigned to a selected topic collection,Not adjudicated
2,reference:autoimmune-disease-screening,Autoimmune disease screening + workup approach,reference,550,22 blocks without attached citation IDs | Not assigned to a selected topic collection,Not adjudicated
2,reference:delegation-scope-of-practice,Delegation + scope of practice,reference,555,Source locator review: cdc_lpr_round34: site root (needs claim-level source review); specialty_lpr_round34: site root (needs claim-level source review) | 9 blocks without attached citation IDs,Not adjudicated
2,reference:pediatric-pain-scales,Pediatric pain assessment scales (by age),reference,560,6 blocks without attached citation IDs,Not adjudicated
2,reference:pediatric-developmental-milestones,Pediatric developmental milestones,reference,562,40 blocks without attached citation IDs,Not adjudicated
2,reference:transfusion-reaction-types-management,Transfusion reactions — types + management,reference,567,13 blocks without attached citation IDs | Not assigned to a selected topic collection,Not adjudicated
2,reference:abdominal-pain-evaluation,Abdominal pain evaluation,reference,570,Source locator review: cdc_cc36b: site root (needs claim-level source review); specialty_cc36b: site root (needs claim-level source review) | 17 blocks without attached citation IDs,Not adjudicated
2,reference:dizziness-vertigo-evaluation,Dizziness / vertigo evaluation,reference,574,Source locator review: cdc_cc36b: site root (needs claim-level source review); specialty_cc36b: site root (needs claim-level source review) | 17 blocks without attached citation IDs | Not assigned to a selected topic collection,Not adjudicated
2,reference:weakness-evaluation,Weakness evaluation,reference,574,Source locator review: cdc_cc36a: site root (needs claim-level source review); specialty_cc36a: site root (needs claim-level source review) | 21 blocks without attached citation IDs | Not assigned to a selected topic collection,Not adjudicated
2,reference:esi-emergency-severity-index,ESI (Emergency Severity Index) triage,reference,577,Source locator review: cdc_cc36c: site root (needs claim-level source review) | 15 blocks without attached citation IDs | Not assigned to a selected topic collection,Not adjudicated
2,reference:anticoagulation-reversal-strategies,Anticoagulation reversal strategies,reference,578,19 blocks without attached citation IDs | Not assigned to a selected topic collection,Not adjudicated
2,reference:informed-consent-framework,Informed consent,reference,579,Source locator review: cdc_lpr_round34: site root (needs claim-level source review); specialty_lpr_round34: site root (needs claim-level source review) | 16 blocks without attached citation IDs,Not adjudicated
2,reference:chest-tube-drainage,Chest tube drainage system,reference,580,Source locator review: openrn_skills: search URL (needs a specific supporting source) | 12 blocks without attached citation IDs,Not adjudicated
2,reference:cirrhosis-complications-management,Cirrhosis complications management,reference,595,26 blocks without attached citation IDs | Not assigned to a selected topic collection,Not adjudicated
2,reference:fever-evaluation-adult,Fever evaluation (adult),reference,599,Source locator review: cdc_cc36b: site root (needs claim-level source review); specialty_cc36b: site root (needs claim-level source review) | 16 blocks without attached citation IDs | Not assigned to a selected topic collection,Not adjudicated
2,reference:acute-back-pain-evaluation,Acute back pain evaluation,reference,600,Source locator review: cdc_cc36b: site root (needs claim-level source review); specialty_cc36b: site root (needs claim-level source review) | 16 blocks without attached citation IDs | Not assigned to a selected topic collection,Not adjudicated
2,reference:pulmonary-hypertension-classification,Pulmonary hypertension classification (WHO Groups 1-5),reference,600,18 blocks without attached citation IDs | Not assigned to a selected topic collection,Not adjudicated
2,reference:labor-progress-stages,Stages of labor — expected progression,reference,602,4 blocks without attached citation IDs | Not assigned to a selected topic collection,Not adjudicated
2,reference:cdc-milestone-checklist,CDC developmental milestones (Learn the Signs. Act Early.),reference,607,11 blocks without attached citation IDs | Not assigned to a selected topic collection,Not adjudicated
2,reference:cf-pulmonary-care,Cystic fibrosis pulmonary care,reference,611,29 blocks without attached citation IDs | Not assigned to a selected topic collection,Not adjudicated
2,reference:headache-evaluation,Headache evaluation,reference,611,Source locator review: cdc_cc36a: site root (needs claim-level source review); specialty_cc36a: site root (needs claim-level source review) | 22 blocks without attached citation IDs | Not assigned to a selected topic collection,Not adjudicated
2,reference:car-seat-safety,Car seat + child passenger safety (CPS),reference,620,15 blocks without attached citation IDs,Not adjudicated
2,reference:chronic-pain-management-framework,Chronic pain management framework,reference,622,Source locator review: cdc_p37b: site root (needs claim-level source review); specialty_p37b: site root (needs claim-level source review) | 18 blocks without attached citation IDs | Not assigned to a selected topic collection,Not adjudicated
2,reference:epistaxis-evaluation,Epistaxis evaluation + control,reference,624,Source locator review: cdc_cc36c: site root (needs claim-level source review) | 16 blocks without attached citation IDs | Not assigned to a selected topic collection,Not adjudicated
2,reference:neuroendocrine-tumor-classification,Neuroendocrine tumor (NET) classification + management,reference,624,27 blocks without attached citation IDs | Not assigned to a selected topic collection,Not adjudicated
2,reference:patient-bill-of-rights,Patient rights + informed refusal,reference,628,Source locator review: cdc_lpr_round35: site root (needs claim-level source review); specialty_lpr_round35: site root (needs claim-level source review) | 13 blocks without attached citation IDs | Not assigned to a selected topic collection,Not adjudicated
2,reference:nursing-ethics-framework,Nursing ethics framework,reference,631,Source locator review: cdc_lpr_round34: site root (needs claim-level source review); specialty_lpr_round34: site root (needs claim-level source review) | 11 blocks without attached citation IDs | Not assigned to a selected topic collection,Not adjudicated
2,reference:opportunistic-infection-prophylaxis,HIV opportunistic infection prophylaxis,reference,636,26 blocks without attached citation IDs | Not assigned to a selected topic collection,Not adjudicated
2,reference:incident-reporting-just-culture,Incident reporting + just culture,reference,642,Source locator review: cdc_lpr_round35: site root (needs claim-level source review); specialty_lpr_round35: site root (needs claim-level source review) | 10 blocks without attached citation IDs | Not assigned to a selected topic collection,Not adjudicated
2,reference:non-pharmacologic-pain-management,Non-pharmacologic pain management,reference,643,Source locator review: cdc_p37b: site root (needs claim-level source review); specialty_p37b: site root (needs claim-level source review) | 21 blocks without attached citation IDs,Not adjudicated
2,reference:acute-vision-loss-evaluation,Acute vision loss evaluation,reference,647,Source locator review: cdc_cc36c: site root (needs claim-level source review) | 19 blocks without attached citation IDs | Not assigned to a selected topic collection,Not adjudicated
2,reference:opioid-tapering-protocol,Opioid tapering protocol,reference,649,Source locator review: cdc_p37b: site root (needs claim-level source review); specialty_p37b: site root (needs claim-level source review) | 18 blocks without attached citation IDs | Not assigned to a selected topic collection,Not adjudicated
2,reference:vomiting-acute-evaluation,Acute vomiting evaluation,reference,651,Source locator review: cdc_cc36b: site root (needs claim-level source review); specialty_cc36b: site root (needs claim-level source review) | 27 blocks without attached citation IDs | Not assigned to a selected topic collection,Not adjudicated
2,reference:ards-management-protocol,ARDS management protocol,reference,661,28 blocks without attached citation IDs | Not assigned to a selected topic collection,Not adjudicated
2,reference:hipaa-privacy-rule-framework,HIPAA + patient confidentiality,reference,663,Source locator review: cdc_lpr_round35: site root (needs claim-level source review); specialty_lpr_round35: site root (needs claim-level source review) | 14 blocks without attached citation IDs | Not assigned to a selected topic collection,Not adjudicated
2,reference:diarrhea-acute-evaluation,Acute diarrhea evaluation,reference,672,Source locator review: cdc_cc36b: site root (needs claim-level source review); specialty_cc36b: site root (needs claim-level source review) | 25 blocks without attached citation IDs | Not assigned to a selected topic collection,Not adjudicated
2,reference:pediatric-pain-management,Pediatric pain management,reference,674,Source locator review: cdc_p37b: site root (needs claim-level source review); specialty_p37b: site root (needs claim-level source review) | 19 blocks without attached citation IDs | Not assigned to a selected topic collection,Not adjudicated
2,reference:antifungal-classes,Antifungal classes + spectra + indications,reference,676,22 blocks without attached citation IDs | Not assigned to a selected topic collection,Not adjudicated
2,reference:ms-dmt-selection,MS disease-modifying therapy (DMT) selection,reference,676,Source locator review: cdc_pr_round31: site root (needs claim-level source review) | 21 blocks without attached citation IDs | Not assigned to a selected topic collection,Not adjudicated
2,reference:burn-evaluation,Burn evaluation + Parkland formula,reference,680,Source locator review: cdc_cc36c: site root (needs claim-level source review) | 31 blocks without attached citation IDs | Not assigned to a selected topic collection,Not adjudicated
2,reference:lipid-panel-interpretation,Lipid panel interpretation,reference,686,Source locator review: cdc_li39a: site root (needs claim-level source review); specialty_li39a: site root (needs claim-level source review) | 31 blocks without attached citation IDs | Not assigned to a selected topic collection,Not adjudicated
2,reference:cushing-workup,Cushing syndrome workup algorithm,reference,687,16 blocks without attached citation IDs | Not assigned to a selected topic collection,Not adjudicated
2,reference:mandatory-reporting-framework,Mandatory reporting framework,reference,691,Source locator review: cdc_lpr_round35: site root (needs claim-level source review); specialty_lpr_round35: site root (needs claim-level source review) | 20 blocks without attached citation IDs | Not assigned to a selected topic collection,Not adjudicated
2,reference:coagulation-panel-interpretation,Coagulation panel interpretation,reference,692,Source locator review: cdc_li39a: site root (needs claim-level source review); specialty_li39a: site root (needs claim-level source review) | 20 blocks without attached citation IDs,Not adjudicated
2,reference:rash-evaluation,Rash evaluation,reference,693,Source locator review: cdc_cc36b: site root (needs claim-level source review); specialty_cc36b: site root (needs claim-level source review) | 26 blocks without attached citation IDs | Not assigned to a selected topic collection,Not adjudicated
2,reference:acute-trauma-evaluation,Acute trauma evaluation (ATLS framework),reference,694,Source locator review: cdc_cc36c: site root (needs claim-level source review) | 23 blocks without attached citation IDs | Not assigned to a selected topic collection,Not adjudicated
2,reference:cbc-interpretation-comprehensive,CBC interpretation,reference,694,Source locator review: cdc_li39a: site root (needs claim-level source review); specialty_li39a: site root (needs claim-level source review) | 28 blocks without attached citation IDs,Not adjudicated
2,reference:ecmo-basics,ECMO basics,reference,694,12 blocks without attached citation IDs,Not adjudicated
2,reference:ild-classification,Interstitial lung disease (ILD) classification,reference,696,32 blocks without attached citation IDs | Not assigned to a selected topic collection,Not adjudicated
2,reference:lft-liver-function-interpretation,LFT (liver function tests) interpretation,reference,696,Source locator review: cdc_li39a: site root (needs claim-level source review); specialty_li39a: site root (needs claim-level source review) | 23 blocks without attached citation IDs,Not adjudicated
2,reference:multiple-endocrine-neoplasia,Multiple endocrine neoplasia (MEN) overview,reference,706,30 blocks without attached citation IDs | Not assigned to a selected topic collection,Not adjudicated
2,reference:cinv-management,Chemotherapy-induced nausea + vomiting (CINV) management,reference,714,Source locator review: cdc_pr_round33: site root (needs claim-level source review) | 20 blocks without attached citation IDs,Not adjudicated
2,reference:headache-acute-prophylactic-therapy,Migraine + headache acute + prophylactic therapy,reference,714,Source locator review: cdc_pr_round31: site root (needs claim-level source review) | 23 blocks without attached citation IDs | Not assigned to a selected topic collection,Not adjudicated
2,reference:mechanical-ventilation-modes-selection,Mechanical ventilation modes + selection,reference,722,29 blocks without attached citation IDs,Not adjudicated
2,reference:urinalysis-interpretation,Urinalysis interpretation,reference,730,Source locator review: cdc_li39a: site root (needs claim-level source review); specialty_li39a: site root (needs claim-level source review) | 32 blocks without attached citation IDs,Not adjudicated
2,reference:parkinson-medication-strategy,Parkinson disease medication strategy,reference,740,Source locator review: cdc_pr_round31: site root (needs claim-level source review) | 31 blocks without attached citation IDs | Not assigned to a selected topic collection,Not adjudicated
2,reference:hypertensive-emergency-management,Hypertensive emergency + urgency management,reference,751,26 blocks without attached citation IDs | Not assigned to a selected topic collection,Not adjudicated
2,reference:seizure-aed-selection,Seizure classification + AED selection,reference,755,Source locator review: cdc_pr_round31: site root (needs claim-level source review) | 21 blocks without attached citation IDs | Not assigned to a selected topic collection,Not adjudicated
2,reference:behavioral-safety-restraint-alternatives,Behavioral safety + restraint alternatives,reference,756,Source locator review: cdc_lpr_round35: site root (needs claim-level source review); specialty_lpr_round35: site root (needs claim-level source review) | 19 blocks without attached citation IDs | Not assigned to a selected topic collection,Not adjudicated
2,reference:home-safety-fall-prevention-bundle,Home safety + fall prevention bundle,reference,758,Source locator review: cdc_lpr_round35: site root (needs claim-level source review); specialty_lpr_round35: site root (needs claim-level source review) | 18 blocks without attached citation IDs,Not adjudicated
2,reference:electrolyte-repletion-principles,Electrolyte repletion principles,reference,772,20 blocks without attached citation IDs,Not adjudicated
2,reference:oral-diabetes-medications-reference,Oral diabetes medications + injectable non-insulin,reference,772,Source locator review: cdc_li39b: site root (needs claim-level source review); specialty_li39b: site root (needs claim-level source review) | 34 blocks without attached citation IDs | Not assigned to a selected topic collection,Not adjudicated
2,reference:mass-casualty-triage-start-jumpstart,Mass casualty triage (START / JumpSTART / SALT),reference,786,Source locator review: cdc_cc36c: site root (needs claim-level source review) | 20 blocks without attached citation IDs | Not assigned to a selected topic collection,Not adjudicated
2,reference:shock-hemodynamic-patterns,Shock differentiation + hemodynamic patterns,reference,793,22 blocks without attached citation IDs,Not adjudicated
2,reference:bmp-cmp-interpretation,BMP / CMP interpretation,reference,806,Source locator review: cdc_li39a: site root (needs claim-level source review); specialty_li39a: site root (needs claim-level source review) | 37 blocks without attached citation IDs,Not adjudicated
2,reference:immune-related-ae-algorithm,Immune-related adverse events (irAE) management algorithm,reference,809,Source locator review: cdc_pr_round33: site root (needs claim-level source review) | 22 blocks without attached citation IDs | Not assigned to a selected topic collection,Not adjudicated
2,reference:osteoporosis-screening-frax,Osteoporosis screening + FRAX fracture risk + treatment,reference,814,24 blocks without attached citation IDs | Not assigned to a selected topic collection,Not adjudicated
2,reference:anticoagulation-reversal-reference,Anticoagulation reversal reference,reference,821,Source locator review: cdc_li39b: site root (needs claim-level source review); specialty_li39b: site root (needs claim-level source review) | 25 blocks without attached citation IDs | Not assigned to a selected topic collection,Not adjudicated
2,reference:lipid-lowering-therapy-reference,Lipid-lowering therapy reference,reference,865,Source locator review: cdc_li39b: site root (needs claim-level source review); specialty_li39b: site root (needs claim-level source review) | 45 blocks without attached citation IDs | Not assigned to a selected topic collection,Not adjudicated
2,reference:art-regimen-selection,Antiretroviral therapy (ART) regimen selection,reference,872,23 blocks without attached citation IDs | Not assigned to a selected topic collection,Not adjudicated
2,reference:abg-vbg-interpretation,ABG / VBG interpretation,reference,878,Source locator review: cdc_li39a: site root (needs claim-level source review); specialty_li39a: site root (needs claim-level source review) | 29 blocks without attached citation IDs | Not assigned to a selected topic collection,Not adjudicated
2,reference:antibiotic-spectrum-reference,Antibiotic spectrum reference,reference,951,Source locator review: cdc_li39b: site root (needs claim-level source review); specialty_li39b: site root (needs claim-level source review) | 45 blocks without attached citation IDs | Not assigned to a selected topic collection,Not adjudicated
2,reference:hereditary-cancer-syndromes,Hereditary cancer syndromes,reference,1040,Source locator review: cdc_pr_round33: site root (needs claim-level source review) | 37 blocks without attached citation IDs | Not assigned to a selected topic collection,Not adjudicated
2,reference:tropical-fever-workup,Tropical fever differential + workup,reference,1052,35 blocks without attached citation IDs | Not assigned to a selected topic collection,Not adjudicated
2,reference:oncologic-emergencies,Oncologic emergencies overview,reference,1136,Source locator review: cdc_pr_round33: site root (needs claim-level source review) | 35 blocks without attached citation IDs,Not adjudicated
2,scenario:ciwa-monitoring-scenario,CIWA-Ar monitoring in alcohol withdrawal,scenario,238,Source locator review: ahrq_psnet_2: site root (needs claim-level source review) | Not assigned to a selected topic collection,Not adjudicated
2,scenario:pain-reassessment-scenario,Pain reassessment failure,scenario,261,Source locator review: ahrq_psnet_2: site root (needs claim-level source review) | Not assigned to a selected topic collection,Not adjudicated
2,scenario:recognizing-delirium-scenario,Recognizing hypoactive delirium,scenario,265,Source locator review: ahrq_psnet_2: site root (needs claim-level source review),Not adjudicated
2,scenario:failure-to-rescue-scenario,Failure to rescue,scenario,293,Source locator review: ahrq_psnet: site root (needs claim-level source review),Not adjudicated
2,scenario:rapid-response-scenario,When to call rapid response,scenario,293,Source locator review: ahrq_psnet_2: site root (needs claim-level source review),Not adjudicated
2,scenario:pressure-injury-prevention-scenario,Pressure injury prevention in the immobile patient,scenario,300,Source locator review: ahrq_psnet_2: site root (needs claim-level source review),Not adjudicated
2,scenario:end-of-life-scenario,End-of-life communication and goals of care,scenario,303,Source locator review: ahrq_psnet_2: site root (needs claim-level source review) | Not assigned to a selected topic collection,Not adjudicated
2,scenario:falls-prevention-scenario,Falls prevention,scenario,316,Source locator review: ahrq_psnet_2: site root (needs claim-level source review) | Not assigned to a selected topic collection,Not adjudicated
2,scenario:handoff-failure-scenario,Hand-off failure,scenario,327,Source locator review: ahrq_psnet: site root (needs claim-level source review) | Not assigned to a selected topic collection,Not adjudicated
2,scenario:difficult-family-scenario,Difficult family conversation,scenario,349,Source locator review: ahrq_psnet_2: site root (needs claim-level source review) | Not assigned to a selected topic collection,Not adjudicated
2,scenario:delegation-scenario,Delegation — the task that wasn't delegable,scenario,363,Source locator review: ahrq_psnet_4: site root (needs claim-level source review) | Not assigned to a selected topic collection,Not adjudicated
2,scenario:hypoglycemia-npo-scenario,"Hypoglycemia — insulin given, breakfast never came",scenario,364,Source locator review: ahrq_psnet_4: site root (needs claim-level source review),Not adjudicated
2,scenario:wrong-site-surgery-scenario,Wrong-site surgery near-miss,scenario,365,Source locator review: ahrq_psnet: site root (needs claim-level source review),Not adjudicated
2,scenario:transfusion-reaction-scenario,Transfusion reaction — the verification that got skipped,scenario,368,Source locator review: ahrq_psnet_4: site root (needs claim-level source review) | Not assigned to a selected topic collection,Not adjudicated
2,scenario:stroke-alert-scenario,Stroke alert — clock starts at last known well,scenario,370,Source locator review: ahrq_psnet_3: site root (needs claim-level source review); openrn_scenarios: search URL (needs a specific supporting source),Not adjudicated
2,scenario:pe-scenario,Pulmonary embolism — 'anxiety' on post-op day 2,scenario,371,Source locator review: ahrq_psnet_4: site root (needs claim-level source review) | Not assigned to a selected topic collection,Not adjudicated
2,scenario:anaphylaxis-scenario,Anaphylaxis — five minutes into the first dose,scenario,372,Source locator review: ahrq_psnet_4: site root (needs claim-level source review),Not adjudicated
2,scenario:diagnostic-anchoring-scenario,Diagnostic anchoring,scenario,374,Source locator review: ahrq_psnet: site root (needs claim-level source review) | Not assigned to a selected topic collection,Not adjudicated
2,scenario:opioid-oversedation-scenario,Opioid oversedation — 'sleeping comfortably' at 2 AM,scenario,379,Source locator review: ahrq_psnet_4: site root (needs claim-level source review),Not adjudicated
2,scenario:pph-scenario,Postpartum hemorrhage — quantifying blood loss too late,scenario,399,Source locator review: ahrq_psnet_3: site root (needs claim-level source review); openrn_scenarios: search URL (needs a specific supporting source),Not adjudicated
2,scenario:covert-hemorrhage-scenario,Post-op hemorrhage — the bleed the drain didn't show,scenario,403,Source locator review: ahrq_psnet_4: site root (needs claim-level source review),Not adjudicated
2,scenario:suicide-risk-scenario,Suicide risk — the sitter who got pulled,scenario,404,Source locator review: ahrq_psnet_4: site root (needs claim-level source review),Not adjudicated
2,scenario:prioritization-scenario,"Prioritization — four patients, one nurse",scenario,411,Source locator review: ahrq_psnet_4: site root (needs claim-level source review),Not adjudicated
2,scenario:chest-tube-emergency-scenario,Chest tube emergency — dislodged during transport,scenario,420,Source locator review: ahrq_psnet_4: site root (needs claim-level source review),Not adjudicated
2,scenario:hyperkalemia-ekg-scenario,Hyperkalemia — when the EKG won't wait for the lab,scenario,422,Source locator review: ahrq_psnet_3: site root (needs claim-level source review); openrn_scenarios: search URL (needs a specific supporting source),Not adjudicated
2,scenario:peds-dka-scenario,Pediatric DKA — delayed recognition,scenario,423,Source locator review: ahrq_psnet_3: site root (needs claim-level source review); openrn_scenarios: search URL (needs a specific supporting source),Not adjudicated
2,scenario:dialysis-day-scenario,Dialysis day — the BP cuff on the fistula arm,scenario,486,Source locator review: ahrq_psnet_5: site root (needs claim-level source review),Not adjudicated
2,scenario:neutropenic-fever-scenario,Neutropenic fever — 'she looks fine' at 100.6,scenario,488,Source locator review: ahrq_psnet_5: site root (needs claim-level source review),Not adjudicated
2,scenario:seizure-response-scenario,Seizure — what the first five minutes are for,scenario,505,Source locator review: ahrq_psnet_5: site root (needs claim-level source review),Not adjudicated
2,scenario:neonatal-fever-scenario,Fever in a 3-week-old — there is no 'watch and wait',scenario,507,Source locator review: ahrq_psnet_5: site root (needs claim-level source review) | Not assigned to a selected topic collection,Not adjudicated
2,scenario:anticoag-head-injury-scenario,The fall that 'wasn't a big deal' — head strike on anticoagulation,scenario,514,Source locator review: ahrq_psnet_5: site root (needs claim-level source review) | Not assigned to a selected topic collection,Not adjudicated
2,scenario:magnesium-toxicity-scenario,Magnesium infusion — the reflexes nobody checked,scenario,520,Source locator review: ahrq_psnet_5: site root (needs claim-level source review) | Not assigned to a selected topic collection,Not adjudicated
2,scenario:peds-respiratory-distress-scenario,Infant respiratory distress — the baby who got 'quieter',scenario,528,Source locator review: ahrq_psnet_5: site root (needs claim-level source review),Not adjudicated
2,scenario:compartment-syndrome-scenario,Compartment syndrome — pain that outruns the injury,scenario,538,Source locator review: ahrq_psnet_5: site root (needs claim-level source review),Not adjudicated
2,scenario:trach-emergency-scenario,Tracheostomy emergency — the fresh trach that came out,scenario,552,Source locator review: ahrq_psnet_5: site root (needs claim-level source review),Not adjudicated
2,scenario:restraint-safety-scenario,Restraints — treating agitation without asking why,scenario,553,Source locator review: ahrq_psnet_5: site root (needs claim-level source review) | Not assigned to a selected topic collection,Not adjudicated
3,communication:team-huddle,Huddle,communication,163,Not assigned to a selected topic collection,Not adjudicated
3,communication:team-debrief,Debrief,communication,167,Not assigned to a selected topic collection,Not adjudicated
3,communication:cross-monitoring,Cross-monitoring,communication,192,Not assigned to a selected topic collection,Not adjudicated
3,communication:team-brief,Brief,communication,203,Not assigned to a selected topic collection,Not adjudicated
3,communication:two-challenge-rule,Two-Challenge Rule,communication,218,Not assigned to a selected topic collection,Not adjudicated
3,communication:breaking-serious-news,Breaking serious news (SPIKES),communication,422,Not assigned to a selected topic collection,Not adjudicated
3,communication:death-notification-bereavement,Death notification and bereavement care,communication,424,Not assigned to a selected topic collection,Not adjudicated
3,diagnosis:pulmonary-embolism,Pulmonary embolism (PE),diagnosis,235,Not assigned to a selected topic collection,Not adjudicated
3,diagnosis:pseudogout,Pseudogout (CPPD),diagnosis,248,Not assigned to a selected topic collection,Not adjudicated
3,diagnosis:pheochromocytoma,Pheochromocytoma / paraganglioma,diagnosis,262,Not assigned to a selected topic collection,Not adjudicated
3,diagnosis:bppv,Benign paroxysmal positional vertigo (BPPV),diagnosis,268,Not assigned to a selected topic collection,Not adjudicated
3,diagnosis:anaphylaxis,Anaphylaxis,diagnosis,275,Not assigned to a selected topic collection,Not adjudicated
3,diagnosis:menieres,Ménière's disease,diagnosis,281,Not assigned to a selected topic collection,Not adjudicated
3,diagnosis:otitis-media,Acute otitis media (AOM),diagnosis,282,Not assigned to a selected topic collection,Not adjudicated
3,diagnosis:sjogrens,Sjögren's syndrome,diagnosis,291,Not assigned to a selected topic collection,Not adjudicated
3,diagnosis:addisons,Primary adrenal insufficiency (Addison's),diagnosis,304,Not assigned to a selected topic collection,Not adjudicated
3,diagnosis:glaucoma,Glaucoma (open + acute angle-closure),diagnosis,310,Not assigned to a selected topic collection,Not adjudicated
3,diagnosis:autism,Autism spectrum disorder (ASD),diagnosis,316,Not assigned to a selected topic collection,Not adjudicated
3,diagnosis:icu-acquired-weakness,ICU-acquired weakness (ICUAW),diagnosis,316,Not assigned to a selected topic collection,Not adjudicated
3,diagnosis:inflammatory-myopathies,Polymyositis / dermatomyositis,diagnosis,325,Not assigned to a selected topic collection,Not adjudicated
3,diagnosis:mods,Multi-organ dysfunction syndrome (MODS),diagnosis,329,Not assigned to a selected topic collection,Not adjudicated
3,diagnosis:mononucleosis,Infectious Mononucleosis (Mono),diagnosis,333,Not assigned to a selected topic collection,Not adjudicated
3,diagnosis:mastitis,Mastitis,diagnosis,335,Not assigned to a selected topic collection,Not adjudicated
3,diagnosis:acute-angle-closure-glaucoma,Acute Angle-Closure Glaucoma,diagnosis,340,Not assigned to a selected topic collection,Not adjudicated
3,diagnosis:cerumen-impaction,Cerumen impaction,diagnosis,343,Not assigned to a selected topic collection,Not adjudicated
3,diagnosis:propofol-infusion-syndrome,Propofol infusion syndrome (PRIS),diagnosis,345,Not assigned to a selected topic collection,Not adjudicated
3,diagnosis:vertebral-compression-fracture,Vertebral Compression Fracture,diagnosis,349,Not assigned to a selected topic collection,Not adjudicated
3,diagnosis:giant-cell-arteritis,Giant Cell Arteritis (Temporal Arteritis),diagnosis,356,Not assigned to a selected topic collection,Not adjudicated
3,diagnosis:post-cardiac-arrest-syndrome,Post-cardiac-arrest syndrome,diagnosis,357,Not assigned to a selected topic collection,Not adjudicated
3,diagnosis:hordeolum-chalazion,Hordeolum + chalazion (stye + chronic lid lesion),diagnosis,362,Not assigned to a selected topic collection,Not adjudicated
3,diagnosis:refractory-hypoxemia,Refractory hypoxemia in ARDS,diagnosis,365,Not assigned to a selected topic collection,Not adjudicated
3,diagnosis:myocardial-infarction,Myocardial infarction,diagnosis,379,Not assigned to a selected topic collection,Not adjudicated
3,diagnosis:polymyalgia-rheumatica,Polymyalgia Rheumatica (PMR),diagnosis,385,Not assigned to a selected topic collection,Not adjudicated
3,diagnosis:retinopathy-prematurity,Retinopathy of prematurity (ROP),diagnosis,386,Not assigned to a selected topic collection,Not adjudicated
3,diagnosis:transient-tachypnea-newborn,Transient tachypnea of the newborn (TTN),diagnosis,390,Not assigned to a selected topic collection,Not adjudicated
3,diagnosis:severe-hyponatremia,Severe hyponatremia,diagnosis,391,Not assigned to a selected topic collection,Not adjudicated
3,diagnosis:patent-ductus-arteriosus,Patent ductus arteriosus (PDA),diagnosis,392,Not assigned to a selected topic collection,Not adjudicated
3,diagnosis:neurogenic-shock,Neurogenic shock,diagnosis,396,Not assigned to a selected topic collection,Not adjudicated
3,diagnosis:diabetic-retinopathy,Diabetic retinopathy,diagnosis,400,Not assigned to a selected topic collection,Not adjudicated
3,diagnosis:severe-hyperkalemia,Severe hyperkalemia,diagnosis,401,Not assigned to a selected topic collection,Not adjudicated
3,diagnosis:sciatica,Sciatica (Lumbar Radiculopathy),diagnosis,404,Not assigned to a selected topic collection,Not adjudicated
3,diagnosis:bronchopulmonary-dysplasia,Bronchopulmonary dysplasia (BPD),diagnosis,406,Not assigned to a selected topic collection,Not adjudicated
3,diagnosis:nonspecific-interstitial-pneumonia,Nonspecific interstitial pneumonia (NSIP),diagnosis,406,Not assigned to a selected topic collection,Not adjudicated
3,diagnosis:epistaxis,Epistaxis (nosebleed),diagnosis,407,Not assigned to a selected topic collection,Not adjudicated
3,diagnosis:acne-vulgaris,Acne vulgaris,diagnosis,408,Not assigned to a selected topic collection,Not adjudicated
3,diagnosis:neonatal-ivh,Intraventricular hemorrhage (IVH) of prematurity,diagnosis,410,Not assigned to a selected topic collection,Not adjudicated
3,diagnosis:hypersensitivity-pneumonitis,Hypersensitivity pneumonitis (HP),diagnosis,416,Not assigned to a selected topic collection,Not adjudicated
3,diagnosis:neonatal-abstinence-syndrome,Neonatal abstinence syndrome (NAS / NOWS),diagnosis,420,Not assigned to a selected topic collection,Not adjudicated
3,diagnosis:corneal-abrasion,Corneal abrasion + foreign body,diagnosis,421,Not assigned to a selected topic collection,Not adjudicated
3,diagnosis:impetigo,Impetigo,diagnosis,421,Not assigned to a selected topic collection,Not adjudicated
3,diagnosis:club-foot,Club foot (talipes equinovarus),diagnosis,423,Not assigned to a selected topic collection,Not adjudicated
3,diagnosis:amd,Age-related macular degeneration (AMD),diagnosis,424,Not assigned to a selected topic collection,Not adjudicated
3,diagnosis:hip-fracture,Hip Fracture,diagnosis,424,Not assigned to a selected topic collection,Not adjudicated
3,diagnosis:sle,Systemic Lupus Erythematosus (SLE),diagnosis,424,Not assigned to a selected topic collection,Not adjudicated
3,diagnosis:vertigo-bppv,Vertigo (BPPV and Peripheral Causes),diagnosis,424,Not assigned to a selected topic collection,Not adjudicated
3,diagnosis:bells-palsy,Bell's Palsy,diagnosis,425,Not assigned to a selected topic collection,Not adjudicated
3,diagnosis:uterine-rupture,Uterine rupture,diagnosis,427,Not assigned to a selected topic collection,Not adjudicated
3,diagnosis:frontotemporal-dementia,Frontotemporal dementia (FTD),diagnosis,434,Not assigned to a selected topic collection,Not adjudicated
3,diagnosis:neonatal-hie,Hypoxic-ischemic encephalopathy (HIE),diagnosis,435,Not assigned to a selected topic collection,Not adjudicated
3,diagnosis:atopic-dermatitis,Atopic Dermatitis (Eczema),diagnosis,436,Not assigned to a selected topic collection,Not adjudicated
3,diagnosis:sjs-ten,Stevens-Johnson Syndrome / Toxic Epidermal Necrolysis,diagnosis,436,Not assigned to a selected topic collection,Not adjudicated
3,diagnosis:umbilical-cord-prolapse,Umbilical cord prolapse,diagnosis,438,Not assigned to a selected topic collection,Not adjudicated
3,diagnosis:vascular-dementia,Vascular dementia,diagnosis,443,Not assigned to a selected topic collection,Not adjudicated
3,diagnosis:acute-bacterial-sinusitis,Acute bacterial sinusitis,diagnosis,445,Not assigned to a selected topic collection,Not adjudicated
3,diagnosis:amniotic-fluid-disorders,Amniotic fluid disorders (oligohydramnios & polyhydramnios),diagnosis,448,Not assigned to a selected topic collection,Not adjudicated
3,diagnosis:mesothelioma,Malignant pleural mesothelioma,diagnosis,449,Not assigned to a selected topic collection,Not adjudicated
3,diagnosis:asbestosis,Asbestosis + asbestos-related disease,diagnosis,450,Not assigned to a selected topic collection,Not adjudicated
3,diagnosis:abpa,Allergic bronchopulmonary aspergillosis (ABPA),diagnosis,451,Not assigned to a selected topic collection,Not adjudicated
3,diagnosis:neonatal-rds,Neonatal respiratory distress syndrome (RDS),diagnosis,451,Not assigned to a selected topic collection,Not adjudicated
3,diagnosis:tinea,Tinea (cutaneous dermatophyte infection),diagnosis,453,Not assigned to a selected topic collection,Not adjudicated
3,diagnosis:recurrent-pregnancy-loss,Recurrent pregnancy loss (RPL),diagnosis,455,Not assigned to a selected topic collection,Not adjudicated
3,diagnosis:polyarteritis-nodosa,Polyarteritis nodosa (PAN),diagnosis,458,Not assigned to a selected topic collection,Not adjudicated
3,diagnosis:conjunctivitis,Conjunctivitis (pink eye),diagnosis,459,Not assigned to a selected topic collection,Not adjudicated
3,diagnosis:caregiver-burnout,Caregiver burnout,diagnosis,463,Not assigned to a selected topic collection,Not adjudicated
3,diagnosis:cteph,Chronic thromboembolic pulmonary hypertension (CTEPH),diagnosis,463,Not assigned to a selected topic collection,Not adjudicated
3,diagnosis:placenta-accreta,Placenta accreta spectrum (PAS),diagnosis,465,Not assigned to a selected topic collection,Not adjudicated
3,diagnosis:adult-dka,Adult diabetic ketoacidosis (DKA),diagnosis,466,Not assigned to a selected topic collection,Not adjudicated
3,diagnosis:acute-pharyngitis,Acute pharyngitis (sore throat + GAS pharyngitis),diagnosis,467,Not assigned to a selected topic collection,Not adjudicated
3,diagnosis:postpartum-psychosis,Postpartum Psychosis,diagnosis,471,Not assigned to a selected topic collection,Not adjudicated
3,diagnosis:iugr,Intrauterine growth restriction (IUGR / FGR),diagnosis,476,Not assigned to a selected topic collection,Not adjudicated
3,diagnosis:intrahepatic-cholestasis-of-pregnancy,Intrahepatic cholestasis of pregnancy (ICP),diagnosis,477,Not assigned to a selected topic collection,Not adjudicated
3,diagnosis:polypharmacy-syndrome,Polypharmacy syndrome (in elderly),diagnosis,479,Not assigned to a selected topic collection,Not adjudicated
3,diagnosis:scoliosis,Idiopathic scoliosis (adolescent),diagnosis,479,Not assigned to a selected topic collection,Not adjudicated
3,diagnosis:slipped-capital-femoral-epiphysis,Slipped capital femoral epiphysis (SCFE),diagnosis,479,Not assigned to a selected topic collection,Not adjudicated
3,diagnosis:cor-pulmonale,Cor pulmonale,diagnosis,481,Not assigned to a selected topic collection,Not adjudicated
3,diagnosis:egpa,Eosinophilic granulomatosis with polyangiitis (EGPA / Churg-Strauss),diagnosis,481,Not assigned to a selected topic collection,Not adjudicated
3,diagnosis:scabies,Scabies,diagnosis,481,Not assigned to a selected topic collection,Not adjudicated
3,diagnosis:asd,Atrial septal defect (ASD),diagnosis,482,Not assigned to a selected topic collection,Not adjudicated
3,diagnosis:silicosis,Silicosis,diagnosis,482,Not assigned to a selected topic collection,Not adjudicated
3,diagnosis:stillbirth,"Stillbirth (intrauterine fetal demise, IUFD)",diagnosis,482,Not assigned to a selected topic collection,Not adjudicated
3,diagnosis:hydatidiform-mole,Hydatidiform mole + gestational trophoblastic disease (GTD),diagnosis,484,Not assigned to a selected topic collection,Not adjudicated
3,diagnosis:empyema-thoracic,Empyema (pleural space infection),diagnosis,487,Not assigned to a selected topic collection,Not adjudicated
3,diagnosis:postpartum-endometritis,Postpartum endometritis (puerperal sepsis),diagnosis,487,Not assigned to a selected topic collection,Not adjudicated
3,diagnosis:shoulder-dystocia,Shoulder dystocia,diagnosis,491,Not assigned to a selected topic collection,Not adjudicated
3,diagnosis:cryoglobulinemic-vasculitis,Cryoglobulinemic vasculitis,diagnosis,492,Not assigned to a selected topic collection,Not adjudicated
3,diagnosis:bronchiectasis,Bronchiectasis (non-cystic-fibrosis),diagnosis,493,Not assigned to a selected topic collection,Not adjudicated
3,diagnosis:lambert-eaton,Lambert-Eaton myasthenic syndrome (LEMS),diagnosis,493,Not assigned to a selected topic collection,Not adjudicated
3,diagnosis:pregnancy-vte,Venous thromboembolism in pregnancy (DVT / PE),diagnosis,493,Not assigned to a selected topic collection,Not adjudicated
3,diagnosis:osteomyelitis-chronic,Chronic osteomyelitis,diagnosis,494,Not assigned to a selected topic collection,Not adjudicated
3,diagnosis:cidp,Chronic inflammatory demyelinating polyneuropathy (CIDP),diagnosis,498,Not assigned to a selected topic collection,Not adjudicated
3,diagnosis:lewy-body-dementia,Dementia with Lewy bodies (DLB),diagnosis,498,Not assigned to a selected topic collection,Not adjudicated
3,diagnosis:mild-cognitive-impairment,Mild cognitive impairment (MCI),diagnosis,500,Not assigned to a selected topic collection,Not adjudicated
3,diagnosis:atypical-hus,Atypical hemolytic uremic syndrome (aHUS),diagnosis,502,Not assigned to a selected topic collection,Not adjudicated
3,diagnosis:failure-to-thrive-elderly,Failure to thrive in elderly (geriatric FTT),diagnosis,502,Not assigned to a selected topic collection,Not adjudicated
3,diagnosis:takayasu-arteritis,Takayasu arteritis (TAK),diagnosis,503,Not assigned to a selected topic collection,Not adjudicated
3,diagnosis:venous-stasis-ulcer,Venous stasis ulcer,diagnosis,503,Not assigned to a selected topic collection,Not adjudicated
3,diagnosis:autoimmune-hepatitis,Autoimmune hepatitis (AIH),diagnosis,506,Not assigned to a selected topic collection,Not adjudicated
3,diagnosis:behcet-disease,Behcet disease,diagnosis,507,Not assigned to a selected topic collection,Not adjudicated
3,diagnosis:henoch-schonlein-purpura,Henoch-Schönlein purpura (IgA vasculitis),diagnosis,515,Not assigned to a selected topic collection,Not adjudicated
3,diagnosis:amniotic-fluid-embolism,Amniotic fluid embolism (AFE),diagnosis,517,Not assigned to a selected topic collection,Not adjudicated
3,diagnosis:developmental-dysplasia-hip,Developmental dysplasia of the hip (DDH),diagnosis,517,Not assigned to a selected topic collection,Not adjudicated
3,diagnosis:vsd,Ventricular septal defect (VSD),diagnosis,519,Not assigned to a selected topic collection,Not adjudicated
3,diagnosis:neuromyelitis-optica,Neuromyelitis optica spectrum disorder (NMOSD),diagnosis,526,Not assigned to a selected topic collection,Not adjudicated
3,diagnosis:bpsd,Behavioral + psychological symptoms of dementia (BPSD),diagnosis,528,Not assigned to a selected topic collection,Not adjudicated
3,diagnosis:vitamin-b12-deficiency,Vitamin B12 deficiency,diagnosis,530,Not assigned to a selected topic collection,Not adjudicated
3,diagnosis:hereditary-spherocytosis,Hereditary spherocytosis (HS),diagnosis,538,Not assigned to a selected topic collection,Not adjudicated
3,diagnosis:ventilator-induced-lung-injury,Ventilator-induced lung injury (VILI),diagnosis,538,Not assigned to a selected topic collection,Not adjudicated
3,diagnosis:pleural-effusion,Pleural effusion,diagnosis,540,Not assigned to a selected topic collection,Not adjudicated
3,diagnosis:fanconi-anemia,Fanconi anemia (FA),diagnosis,542,Not assigned to a selected topic collection,Not adjudicated
3,diagnosis:arterial-ulcer,Arterial (ischemic) ulcer / PAD ulcer,diagnosis,548,Not assigned to a selected topic collection,Not adjudicated
3,diagnosis:postpartum-cardiomyopathy,Peripartum cardiomyopathy (PPCM),diagnosis,553,Not assigned to a selected topic collection,Not adjudicated
3,diagnosis:antiphospholipid-syndrome,Antiphospholipid syndrome (APS),diagnosis,555,Not assigned to a selected topic collection,Not adjudicated
3,diagnosis:hypoparathyroidism,Hypoparathyroidism,diagnosis,557,Not assigned to a selected topic collection,Not adjudicated
3,diagnosis:ttp,Thrombotic thrombocytopenic purpura (TTP),diagnosis,558,Not assigned to a selected topic collection,Not adjudicated
3,diagnosis:g6pd-deficiency,G6PD deficiency,diagnosis,562,Not assigned to a selected topic collection,Not adjudicated
3,diagnosis:pediatric-foreign-body-aspiration,Pediatric foreign body aspiration,diagnosis,563,Not assigned to a selected topic collection,Not adjudicated
3,diagnosis:hereditary-hemochromatosis,Hereditary hemochromatosis (HFE),diagnosis,564,Not assigned to a selected topic collection,Not adjudicated
3,diagnosis:status-asthmaticus,Status asthmaticus (life-threatening asthma exacerbation),diagnosis,569,Not assigned to a selected topic collection,Not adjudicated
3,diagnosis:crps,Complex regional pain syndrome (CRPS),diagnosis,573,Not assigned to a selected topic collection,Not adjudicated
3,diagnosis:ventilator-associated-pneumonia,Ventilator-associated pneumonia (VAP),diagnosis,575,Not assigned to a selected topic collection,Not adjudicated
3,diagnosis:insulinoma,Insulinoma,diagnosis,578,Not assigned to a selected topic collection,Not adjudicated
3,diagnosis:granulomatosis-polyangiitis,Granulomatosis with polyangiitis (GPA / Wegener's),diagnosis,582,Not assigned to a selected topic collection,Not adjudicated
3,diagnosis:turner-syndrome,"Turner syndrome (45,X)",diagnosis,582,Not assigned to a selected topic collection,Not adjudicated
3,diagnosis:jia,Juvenile idiopathic arthritis (JIA),diagnosis,584,Not assigned to a selected topic collection,Not adjudicated
3,diagnosis:primary-sclerosing-cholangitis,Primary sclerosing cholangitis (PSC),diagnosis,584,Not assigned to a selected topic collection,Not adjudicated
3,diagnosis:subacute-thyroiditis,Subacute thyroiditis (de Quervain / granulomatous),diagnosis,586,Not assigned to a selected topic collection,Not adjudicated
3,diagnosis:glioblastoma,Glioblastoma (GBM),diagnosis,587,Not assigned to a selected topic collection,Not adjudicated
3,diagnosis:men-1,Multiple endocrine neoplasia type 1 (MEN-1),diagnosis,590,Not assigned to a selected topic collection,Not adjudicated
3,diagnosis:febrile-seizure,Febrile seizure,diagnosis,591,Not assigned to a selected topic collection,Not adjudicated
3,diagnosis:marfan-syndrome,Marfan syndrome,diagnosis,594,Not assigned to a selected topic collection,Not adjudicated
3,diagnosis:vwd,Von Willebrand disease (vWD),diagnosis,603,Not assigned to a selected topic collection,Not adjudicated
3,diagnosis:kaposi-sarcoma,Kaposi sarcoma (KS),diagnosis,607,Not assigned to a selected topic collection,Not adjudicated
3,diagnosis:secondary-hyperparathyroidism,Secondary hyperparathyroidism (CKD-MBD),diagnosis,608,Not assigned to a selected topic collection,Not adjudicated
3,diagnosis:wilson-disease,Wilson disease,diagnosis,608,Not assigned to a selected topic collection,Not adjudicated
3,diagnosis:zollinger-ellison-syndrome,Zollinger-Ellison syndrome (gastrinoma),diagnosis,608,Not assigned to a selected topic collection,Not adjudicated
3,diagnosis:idiopathic-intracranial-hypertension,Idiopathic intracranial hypertension (IIH / pseudotumor cerebri),diagnosis,616,Not assigned to a selected topic collection,Not adjudicated
3,diagnosis:pressure-injury-treatment,Pressure injury (treatment),diagnosis,625,Not assigned to a selected topic collection,Not adjudicated
3,diagnosis:fetal-alcohol-spectrum-disorder,Fetal alcohol spectrum disorder (FASD),diagnosis,631,Not assigned to a selected topic collection,Not adjudicated
3,diagnosis:paget-disease-bone,Paget disease of bone (osteitis deformans),diagnosis,631,Not assigned to a selected topic collection,Not adjudicated
3,diagnosis:nephrogenic-diabetes-insipidus,Nephrogenic diabetes insipidus (NDI),diagnosis,632,Not assigned to a selected topic collection,Not adjudicated
3,diagnosis:men-2,Multiple endocrine neoplasia type 2 (MEN-2A + 2B),diagnosis,642,Not assigned to a selected topic collection,Not adjudicated
3,diagnosis:systemic-sclerosis,Systemic sclerosis (scleroderma),diagnosis,643,Not assigned to a selected topic collection,Not adjudicated
3,diagnosis:diabetic-foot-ulcer,Diabetic foot ulcer (DFU),diagnosis,644,Not assigned to a selected topic collection,Not adjudicated
3,diagnosis:disseminated-histoplasmosis,Disseminated histoplasmosis,diagnosis,677,Not assigned to a selected topic collection,Not adjudicated
3,diagnosis:progressive-multifocal-leukoencephalopathy,Progressive multifocal leukoencephalopathy (PML),diagnosis,682,Not assigned to a selected topic collection,Not adjudicated
3,diagnosis:acromegaly,Acromegaly,diagnosis,684,Not assigned to a selected topic collection,Not adjudicated
3,diagnosis:strongyloidiasis,Strongyloidiasis (Strongyloides stercoralis),diagnosis,685,Not assigned to a selected topic collection,Not adjudicated
3,diagnosis:beta-thalassemia,Beta-thalassemia (major + intermedia + minor),diagnosis,686,Not assigned to a selected topic collection,Not adjudicated
3,diagnosis:abdominal-compartment-syndrome,Abdominal compartment syndrome (ACS),diagnosis,689,Not assigned to a selected topic collection,Not adjudicated
3,diagnosis:mycobacterium-avium-complex,Disseminated Mycobacterium avium complex (MAC / MAI),diagnosis,689,Not assigned to a selected topic collection,Not adjudicated
3,diagnosis:bowel-perforation,Bowel perforation,diagnosis,690,Not assigned to a selected topic collection,Not adjudicated
3,diagnosis:acute-decompensated-heart-failure,Acute decompensated heart failure (ADHF),diagnosis,707,Not assigned to a selected topic collection,Not adjudicated
3,diagnosis:pneumocystis-pneumonia,Pneumocystis jirovecii pneumonia (PCP / PJP),diagnosis,723,Not assigned to a selected topic collection,Not adjudicated
3,diagnosis:critical-illness-polyneuromyopathy,Critical illness polyneuropathy + myopathy (CIPNM),diagnosis,730,Not assigned to a selected topic collection,Not adjudicated
3,diagnosis:mucormycosis,Mucormycosis (zygomycosis),diagnosis,735,Not assigned to a selected topic collection,Not adjudicated
3,diagnosis:hereditary-angioedema-attack,Hereditary angioedema (HAE) attack,diagnosis,745,Not assigned to a selected topic collection,Not adjudicated
3,diagnosis:takotsubo-cardiomyopathy,Takotsubo cardiomyopathy (stress + apical ballooning syndrome),diagnosis,745,Not assigned to a selected topic collection,Not adjudicated
3,diagnosis:invasive-aspergillosis,Invasive aspergillosis,diagnosis,746,Not assigned to a selected topic collection,Not adjudicated
3,diagnosis:neurosyphilis,Neurosyphilis,diagnosis,757,Not assigned to a selected topic collection,Not adjudicated
3,diagnosis:severe-acute-cholangitis,Severe acute cholangitis (Tokyo guidelines),diagnosis,757,Not assigned to a selected topic collection,Not adjudicated
3,diagnosis:cryptococcal-meningitis,Cryptococcal meningitis,diagnosis,761,Not assigned to a selected topic collection,Not adjudicated
3,diagnosis:toxoplasmosis,Toxoplasmosis (CNS + ocular + congenital),diagnosis,771,Not assigned to a selected topic collection,Not adjudicated
3,diagnosis:hypopituitarism,Hypopituitarism (panhypopituitarism),diagnosis,778,Not assigned to a selected topic collection,Not adjudicated
3,diagnosis:submassive-massive-pulmonary-embolism,Submassive + massive pulmonary embolism,diagnosis,779,Not assigned to a selected topic collection,Not adjudicated
3,diagnosis:malaria,Malaria (Plasmodium spp.),diagnosis,788,Not assigned to a selected topic collection,Not adjudicated
3,diagnosis:acute-limb-ischemia,Acute limb ischemia (ALI),diagnosis,802,Not assigned to a selected topic collection,Not adjudicated
3,diagnosis:fulminant-myocarditis,Fulminant myocarditis,diagnosis,832,Not assigned to a selected topic collection,Not adjudicated
3,diagnosis:chronic-hepatitis-b,Chronic hepatitis B (CHB),diagnosis,856,Not assigned to a selected topic collection,Not adjudicated
3,diagnosis:cytokine-release-syndrome,Cytokine release syndrome (CRS),diagnosis,874,Not assigned to a selected topic collection,Not adjudicated
3,lab:creatinine,Creatinine,lab,158,Check absent sections: Watch for | Not assigned to a selected topic collection,Not adjudicated
3,lab:ck,CK / CK-MB,lab,159,Not assigned to a selected topic collection,Not adjudicated
3,lab:hemoglobin,Hemoglobin (Hgb),lab,160,Not assigned to a selected topic collection,Not adjudicated
3,lab:bun,BUN (blood urea nitrogen),lab,164,Not assigned to a selected topic collection,Not adjudicated
3,lab:pt,PT (Prothrombin Time),lab,166,Not assigned to a selected topic collection,Not adjudicated
3,lab:inr,INR / PT,lab,167,Not assigned to a selected topic collection,Not adjudicated
3,lab:ast-alt,AST / ALT,lab,168,Not assigned to a selected topic collection,Not adjudicated
3,lab:lipase,Lipase,lab,168,Not assigned to a selected topic collection,Not adjudicated
3,lab:bnp,BNP / NT-proBNP,lab,172,Not assigned to a selected topic collection,Not adjudicated
3,lab:procalcitonin,Procalcitonin,lab,175,Not assigned to a selected topic collection,Not adjudicated
3,lab:magnesium,Magnesium (Mg²⁺),lab,181,Check absent sections: Watch for,Not adjudicated
3,lab:ck-mb,CK-MB,lab,183,Not assigned to a selected topic collection,Not adjudicated
3,lab:calcium,Calcium (total Ca²⁺),lab,187,Check absent sections: Watch for | Not assigned to a selected topic collection,Not adjudicated
3,lab:wbc,White blood cell count,lab,187,Check absent sections: Nursing considerations | Not assigned to a selected topic collection,Not adjudicated
3,lab:platelets,Platelets,lab,192,Not assigned to a selected topic collection,Not adjudicated
3,lab:albumin,Albumin,lab,203,Not assigned to a selected topic collection,Not adjudicated
3,lab:prealbumin,Prealbumin (transthyretin),lab,205,Not assigned to a selected topic collection,Not adjudicated
3,lab:lactate,Lactate,lab,230,Check absent sections: Watch for,Not adjudicated
3,lab:abg,Arterial blood gas (ABG),lab,250,Check absent sections: Watch for,Not adjudicated
3,lab:anti-dsdna,Anti-double-stranded DNA antibodies,lab,277,Not assigned to a selected topic collection,Not adjudicated
3,lab:rheumatoid-factor,Rheumatoid factor (RF),lab,282,Not assigned to a selected topic collection,Not adjudicated
3,lab:d-dimer-vte,D-dimer (VTE workup),lab,323,Not assigned to a selected topic collection,Not adjudicated
3,lab:troponin-hs,High-sensitivity troponin (hs-cTnI / hs-cTnT),lab,348,Not assigned to a selected topic collection,Not adjudicated
3,lab:amh,Anti-Müllerian hormone (AMH),lab,352,Not assigned to a selected topic collection,Not adjudicated
3,lab:urine-protein-creatinine,Spot urine protein-creatinine ratio (UPCR / UACR),lab,360,Not assigned to a selected topic collection,Not adjudicated
3,lab:h-pylori-stool-antigen,Helicobacter pylori stool antigen,lab,366,Not assigned to a selected topic collection,Not adjudicated
3,lab:hiv-viral-load-cd4,HIV viral load + CD4 count,lab,377,Not assigned to a selected topic collection,Not adjudicated
3,lab:ttg-iga,Tissue transglutaminase IgA (tTG-IgA) + total IgA,lab,390,Not assigned to a selected topic collection,Not adjudicated
3,lab:koh-prep,KOH (potassium hydroxide) skin scraping,lab,404,Not assigned to a selected topic collection,Not adjudicated
3,lab:bile-acids,Serum bile acids (TBA),lab,414,Not assigned to a selected topic collection,Not adjudicated
3,lab:testosterone-total,Testosterone (total + free),lab,414,Not assigned to a selected topic collection,Not adjudicated
3,lab:ionized-calcium,Ionized (free) calcium,lab,441,Not assigned to a selected topic collection,Not adjudicated
3,lab:hiv-4th-gen-screen,HIV 4th-generation Ag/Ab combo screen,lab,449,Not assigned to a selected topic collection,Not adjudicated
3,lab:ferritin-iron-studies,Ferritin + iron studies,lab,451,Not assigned to a selected topic collection,Not adjudicated
3,lab:scvo2,Central / mixed venous oxygen saturation (ScvO2 / SvO2),lab,460,Not assigned to a selected topic collection,Not adjudicated
3,lab:complement-c3-c4,Complement C3 + C4 + CH50,lab,466,Not assigned to a selected topic collection,Not adjudicated
3,lab:igg4,IgG4 + IgG4-related disease workup,lab,471,Not assigned to a selected topic collection,Not adjudicated
3,lab:rapid-strep-test,Rapid antigen detection test (RADT) + throat culture,lab,472,Not assigned to a selected topic collection,Not adjudicated
3,lab:ceruloplasmin,Ceruloplasmin,lab,478,Not assigned to a selected topic collection,Not adjudicated
3,lab:ankle-brachial-index,Ankle-Brachial Index (ABI),lab,483,Not assigned to a selected topic collection,Not adjudicated
3,lab:antiphospholipid-antibodies,Antiphospholipid antibody panel (APL / APS workup),lab,493,Not assigned to a selected topic collection,Not adjudicated
3,lab:dyshemoglobin-panel,Carboxyhemoglobin + methemoglobin (CO-oximetry),lab,504,Not assigned to a selected topic collection,Not adjudicated
3,lab:gbs-screening,Group B streptococcus (GBS) screening,lab,506,Not assigned to a selected topic collection,Not adjudicated
3,lab:alpha-1-antitrypsin,Alpha-1 antitrypsin level + phenotype,lab,512,Not assigned to a selected topic collection,Not adjudicated
3,lab:peripheral-blood-smear,Peripheral blood smear,lab,518,Not assigned to a selected topic collection,Not adjudicated
3,lab:adamts13,ADAMTS13 activity + inhibitor,lab,525,Not assigned to a selected topic collection,Not adjudicated
3,lab:aspergillus-precipitins,Aspergillus precipitins (IgG) + specific IgE,lab,528,Not assigned to a selected topic collection,Not adjudicated
3,lab:ige-allergy-panel,Total + specific IgE (RAST / ImmunoCAP),lab,528,Not assigned to a selected topic collection,Not adjudicated
3,lab:anca-panel,ANCA panel — c-ANCA / p-ANCA + PR3 / MPO,lab,532,Not assigned to a selected topic collection,Not adjudicated
3,lab:mma-homocysteine,Methylmalonic acid (MMA) + homocysteine,lab,536,Not assigned to a selected topic collection,Not adjudicated
3,lab:newborn-hearing-screen,Newborn hearing screen (OAE + AABR),lab,545,Not assigned to a selected topic collection,Not adjudicated
3,lab:viscoelastic-testing,Viscoelastic testing (TEG + ROTEM),lab,590,Not assigned to a selected topic collection,Not adjudicated
3,lab:quantiferon-tb-gold,QuantiFERON-TB Gold + T-SPOT.TB (IGRA),lab,611,Not assigned to a selected topic collection,Not adjudicated
3,lab:karyotype-microarray,Karyotype + chromosomal microarray (CMA),lab,621,Not assigned to a selected topic collection,Not adjudicated
3,lab:cryptococcal-antigen,Cryptococcal antigen (CrAg) + India ink,lab,624,Not assigned to a selected topic collection,Not adjudicated
3,lab:activated-clotting-time,Activated clotting time (ACT),lab,627,Not assigned to a selected topic collection,Not adjudicated
3,lab:galactomannan-bdg,Aspergillus galactomannan + beta-D-glucan,lab,642,Not assigned to a selected topic collection,Not adjudicated
3,lab:tcb-bilirubin,Transcutaneous bilirubin (TcB) + serum bilirubin in newborn,lab,649,Not assigned to a selected topic collection,Not adjudicated
3,lab:igf-1,Insulin-like growth factor 1 (IGF-1 / somatomedin C),lab,667,Not assigned to a selected topic collection,Not adjudicated
3,lab:malaria-smear-rdt,Malaria smears (thick + thin) + rapid diagnostic test (RDT),lab,690,Not assigned to a selected topic collection,Not adjudicated
3,lab:plasma-metanephrines,Plasma metanephrines + 24-hour urine catecholamines,lab,694,Not assigned to a selected topic collection,Not adjudicated
3,lab:chromogranin-a-5-hiaa,Chromogranin A + 24-hour urine 5-HIAA,lab,697,Not assigned to a selected topic collection,Not adjudicated
3,lab:circulating-tumor-dna,Circulating tumor DNA (ctDNA) — liquid biopsy,lab,707,Not assigned to a selected topic collection,Not adjudicated
3,lab:capnography-etco2,Capnography (end-tidal CO2 / etCO2),lab,784,Not assigned to a selected topic collection,Not adjudicated
3,lab:cancer-genomic-testing-ngs,Cancer genomic testing (NGS + comprehensive genomic profiling),lab,787,Not assigned to a selected topic collection,Not adjudicated
3,lab:eeg-interpretation,Electroencephalogram (EEG) interpretation,lab,800,Not assigned to a selected topic collection,Not adjudicated
3,lab:msi-mmr-tumor-testing,Microsatellite instability (MSI) + mismatch repair (MMR) testing,lab,815,Not assigned to a selected topic collection,Not adjudicated
3,lab:paraneoplastic-antibody-panel,Paraneoplastic + autoimmune encephalitis antibody panel,lab,911,Not assigned to a selected topic collection,Not adjudicated
3,procedure:neuro-check,Focused neurologic assessment,procedure,279,Check absent sections: Contraindications,Not adjudicated
3,procedure:tonometry,Tonometry (intraocular pressure measurement),procedure,305,Not assigned to a selected topic collection,Not adjudicated
3,procedure:needle-thoracostomy,Needle thoracostomy (chest decompression),procedure,318,Not assigned to a selected topic collection,Not adjudicated
3,procedure:hand-hygiene,Hand hygiene,procedure,326,"Check absent sections: Contraindications, Documentation",Not adjudicated
3,procedure:dexa-scan,DEXA bone densitometry,procedure,334,Not assigned to a selected topic collection,Not adjudicated
3,procedure:bishop-score,Bishop score for cervical readiness for induction,procedure,350,Not assigned to a selected topic collection,Not adjudicated
3,procedure:cricothyroidotomy,Surgical cricothyroidotomy,procedure,364,Not assigned to a selected topic collection,Not adjudicated
3,procedure:endometrial-biopsy,Endometrial biopsy,procedure,365,Not assigned to a selected topic collection,Not adjudicated
3,procedure:epley-maneuver,Epley canalith repositioning maneuver,procedure,366,Not assigned to a selected topic collection,Not adjudicated
3,procedure:non-stress-test,Non-stress test (NST) + biophysical profile,procedure,386,Not assigned to a selected topic collection,Not adjudicated
3,procedure:bone-marrow-biopsy,Bone marrow aspiration + biopsy,procedure,426,Not assigned to a selected topic collection,Not adjudicated
3,procedure:nerve-biopsy,Sural nerve biopsy,procedure,438,Not assigned to a selected topic collection,Not adjudicated
3,procedure:g-tube-care,Gastrostomy tube (G-tube) care + management,procedure,439,Not assigned to a selected topic collection,Not adjudicated
3,procedure:lp-pediatric,Pediatric lumbar puncture,procedure,439,Not assigned to a selected topic collection,Not adjudicated
3,procedure:central-line-dressing,Central line dressing change,procedure,444,Check absent sections: Contraindications,Not adjudicated
3,procedure:paracentesis,Paracentesis,procedure,445,Not assigned to a selected topic collection,Not adjudicated
3,procedure:lumbar-puncture-csf,Lumbar puncture (CSF analysis),procedure,448,Not assigned to a selected topic collection,Not adjudicated
3,procedure:thoracentesis,Thoracentesis,procedure,452,Not assigned to a selected topic collection,Not adjudicated
3,procedure:sterile-dressing-change,Sterile dressing change,procedure,476,Not assigned to a selected topic collection,Not adjudicated
3,procedure:cerumen-removal,"Cerumen removal (irrigation, curette, cerumenolytic)",procedure,478,Not assigned to a selected topic collection,Not adjudicated
3,procedure:vaccine-hesitancy-counseling,Vaccine hesitancy counseling (motivational interviewing),procedure,487,Not assigned to a selected topic collection,Not adjudicated
3,procedure:arterial-line-insertion,Arterial line insertion + management,procedure,495,Not assigned to a selected topic collection,Not adjudicated
3,procedure:iv-insertion,Peripheral IV insertion,procedure,504,Not assigned to a selected topic collection,Not adjudicated
3,procedure:temporal-artery-biopsy,Temporal artery biopsy (TAB),procedure,509,Not assigned to a selected topic collection,Not adjudicated
3,procedure:inferior-petrosal-sinus-sampling,Inferior petrosal sinus sampling (IPSS),procedure,510,Not assigned to a selected topic collection,Not adjudicated
3,procedure:external-cephalic-version,External cephalic version (ECV),procedure,511,Not assigned to a selected topic collection,Not adjudicated
3,procedure:anterior-nasal-packing,Anterior nasal packing for epistaxis,procedure,517,Not assigned to a selected topic collection,Not adjudicated
3,procedure:rapid-sequence-intubation,Rapid sequence intubation (RSI),procedure,517,Not assigned to a selected topic collection,Not adjudicated
3,procedure:joint-injection-aspiration,Joint aspiration + injection (arthrocentesis),procedure,523,Not assigned to a selected topic collection,Not adjudicated
3,procedure:shoulder-dystocia-drill,Shoulder dystocia management drill (HELPERR),procedure,530,Not assigned to a selected topic collection,Not adjudicated
3,procedure:skin-biopsy,Skin biopsy (punch / shave / excisional),procedure,537,Not assigned to a selected topic collection,Not adjudicated
3,procedure:female-foley-catheter,Indwelling urinary catheter insertion (female),procedure,539,Not assigned to a selected topic collection,Not adjudicated
3,procedure:pavlik-harness,Pavlik harness application + monitoring (DDH),procedure,539,Not assigned to a selected topic collection,Not adjudicated
3,procedure:liver-biopsy,Liver biopsy (percutaneous + transjugular),procedure,542,Not assigned to a selected topic collection,Not adjudicated
3,procedure:plasmapheresis-tpe,Therapeutic plasma exchange (TPE / plasmapheresis),procedure,549,Not assigned to a selected topic collection,Not adjudicated
3,procedure:pulmonary-function-tests,Pulmonary function tests (PFTs / spirometry),procedure,555,Not assigned to a selected topic collection,Not adjudicated
3,procedure:wound-debridement,Wound debridement (sharp / autolytic / enzymatic / biological),procedure,578,Not assigned to a selected topic collection,Not adjudicated
3,procedure:airway-clearance-therapy,Airway clearance therapy (ACT),procedure,583,Not assigned to a selected topic collection,Not adjudicated
3,procedure:foley-insertion,Indwelling urinary catheter insertion,procedure,593,Not assigned to a selected topic collection,Not adjudicated
3,procedure:bronchoscopy,Flexible bronchoscopy + BAL + biopsy,procedure,610,Not assigned to a selected topic collection,Not adjudicated
3,procedure:dexamethasone-suppression-test,Dexamethasone suppression test (DST),procedure,623,Not assigned to a selected topic collection,Not adjudicated
3,procedure:sputum-collection-afb,Sputum collection for acid-fast bacilli (AFB),procedure,676,Not assigned to a selected topic collection,Not adjudicated
3,procedure:transsphenoidal-pituitary-surgery-care,Transsphenoidal pituitary surgery — perioperative care,procedure,681,Not assigned to a selected topic collection,Not adjudicated
3,procedure:cricothyrotomy,Cricothyrotomy / surgical airway,procedure,689,Not assigned to a selected topic collection,Not adjudicated
3,procedure:tuberculin-skin-test,Tuberculin skin test (Mantoux PPD),procedure,702,Not assigned to a selected topic collection,Not adjudicated
3,procedure:central-line-insertion,Central venous catheter (CVC) insertion + sterile technique,procedure,773,Not assigned to a selected topic collection,Not adjudicated
3,reference:post-icu-recovery,Recovery after intensive care,reference,91,Short entry: review usefulness; do not pad to a word target,Not adjudicated
3,reference:alarm-fatigue-and-safety,Alarm fatigue and safety,reference,119,Short entry: review usefulness; do not pad to a word target,Not adjudicated
3,reference:communication-when-speech-is-limited,Communication when speech is limited,reference,133,Short entry: review usefulness; do not pad to a word target,Not adjudicated
3,reference:stool-sample-collection,Stool sample collection,reference,133,Short entry: review usefulness; do not pad to a word target,Not adjudicated
3,reference:droplet-precautions,Droplet Precautions,reference,139,Short entry: review usefulness; do not pad to a word target,Not adjudicated
3,reference:hearing-loss-communication,Communicating with hearing loss,reference,140,Short entry: review usefulness; do not pad to a word target,Not adjudicated
3,reference:low-vision-bedside-support,Low vision at the bedside,reference,140,Short entry: review usefulness; do not pad to a word target,Not adjudicated
3,reference:bedside-mobility-assessment,Bedside mobility assessment,reference,142,Short entry: review usefulness; do not pad to a word target,Not adjudicated
3,reference:eczema-daily-skin-care,Eczema: daily skin-care support,reference,143,Short entry: review usefulness; do not pad to a word target,Not adjudicated
3,reference:psychotherapy-preparation-follow-up,Psychotherapy: preparation and follow-up,reference,144,Short entry: review usefulness; do not pad to a word target,Not adjudicated
3,reference:aphasia-communication-support,Communication support for aphasia,reference,145,Short entry: review usefulness; do not pad to a word target,Not adjudicated
3,reference:epilepsy-daily-self-management,Epilepsy: everyday self-management,reference,145,Short entry: review usefulness; do not pad to a word target,Not adjudicated
3,reference:focused-cardiovascular-assessment,Focused cardiovascular assessment,reference,146,Short entry: review usefulness; do not pad to a word target,Not adjudicated
3,reference:spiritual-support-in-hospital,Spiritual support in hospital,reference,146,Short entry: review usefulness; do not pad to a word target,Not adjudicated
3,reference:nursing-documentation-principles,Nursing documentation principles,reference,147,Short entry: review usefulness; do not pad to a word target,Not adjudicated
3,reference:nursing-workplace-violence,Workplace violence: prevention and support,reference,147,Short entry: review usefulness; do not pad to a word target,Not adjudicated
3,reference:psoriasis-daily-skin-support,Psoriasis: daily skin and wellbeing support,reference,149,Short entry: review usefulness; do not pad to a word target,Not adjudicated
3,reference:hand-hygiene-reference,Hand hygiene — when and how,reference,270,Not assigned to a selected topic collection,Not adjudicated
3,reference:isolation-precautions,Isolation precautions,reference,296,Not assigned to a selected topic collection,Not adjudicated
3,reference:difficult-airway-algorithm,ASA difficult airway algorithm,reference,300,Not assigned to a selected topic collection,Not adjudicated
3,reference:isolation-hierarchy,Isolation precautions hierarchy,reference,378,Not assigned to a selected topic collection,Not adjudicated
3,reference:ppe-sequence,PPE donning and doffing sequence,reference,378,Not assigned to a selected topic collection,Not adjudicated
